년,월,국적지역,단기체류외국인 수
2022,01,태국,139780
2022,01,미국,69253
2022,01,중국,53351
2022,01,베트남,28549
2022,01,몽골,12950
2022,01,러시아연방,9024
2022,01,필리핀,8577
2022,01,카자흐스탄,7579
2022,01,한국계중국인,6902
2022,01,우즈베키스탄,4078
2022,01,인도네시아,3689
2022,01,방글라데시,3274
2022,01,일본,2742
2022,01,파키스탄,2242
2022,01,캐나다,2208
2022,01,오스트레일리아,1833
2022,01,인도,1597
2022,01,네팔,1580
2022,01,말레이시아,1573
2022,01,미얀마,1525
2022,01,스리랑카,1424
2022,01,캄보디아,1391
2022,01,영국,845
2022,01,프랑스,795
2022,01,타이완,783
2022,01,독일,758
2022,01,이란,726
2022,01,키르기즈,683
2022,01,뉴질랜드,589
2022,01,라오스,569
2022,01,타지키스탄,500
2022,01,브라질,477
2022,01,터키,452
2022,01,싱가포르,422
2022,01,홍콩,399
2022,01,나이지리아,343
2022,01,이집트,331
2022,01,페루,308
2022,01,멕시코,270
2022,01,가나,267
2022,01,우크라이나,259
2022,01,아르헨티나,239
2022,01,이탈리아,227
2022,01,아랍에미리트연합,199
2022,01,티모르민주공화국,180
2022,01,네덜란드,179
2022,01,남아프리카공화국,169
2022,01,스페인,158
2022,01,루마니아,155
2022,01,폴란드,137
2022,01,스웨덴,137
2022,01,리비아,135
2022,01,이라크,134
2022,01,모로코,127
2022,01,파라과이,110
2022,01,스위스,105
2022,01,요르단,90
2022,01,덴마크,88
2022,01,벨기에,85
2022,01,그리스,79
2022,01,노르웨이,78
2022,01,콜롬비아,76
2022,01,아일랜드,73
2022,01,크로아티아,70
2022,01,칠레,66
2022,01,아프가니스탄,61
2022,01,체코,60
2022,01,오스트리아,57
2022,01,에콰도르,54
2022,01,라이베리아,54
2022,01,우간다,52
2022,01,튀니지,50
2022,01,베네수엘라,50
2022,01,과테말라,48
2022,01,사우디아라비아,47
2022,01,핀란드,46
2022,01,에티오피아,44
2022,01,알제리,43
2022,01,코트디부아르,42
2022,01,카메룬,42
2022,01,도미니카공화국,39
2022,01,조지아,38
2022,01,불가리아,38
2022,01,라트비아,35
2022,01,포르투갈,34
2022,01,벨로루시,34
2022,01,무국적,34
2022,01,헝가리,32
2022,01,코스타리카,31
2022,01,온두라스,30
2022,01,케냐,29
2022,01,이스라엘,29
2022,01,시리아,29
2022,01,투르크메니스탄,27
2022,01,리투아니아,27
2022,01,탄자니아,26
2022,01,슬로바크,26
2022,01,마카오,25
2022,01,세네갈,24
2022,01,짐바브웨,23
2022,01,자메이카,22
2022,01,아제르바이잔,21
2022,01,예멘공화국,20
2022,01,수단,20
2022,01,콩고민주공화국,18
2022,01,알바니아,18
2022,01,말리,17
2022,01,오만,16
2022,01,국제연합,16
2022,01,시에라리온,15
2022,01,홍콩거주난민,13
2022,01,쿠웨이트,13
2022,01,볼리비아,13
2022,01,미등록국가,13
2022,01,마샬군도,13
2022,01,슬로베니아,12
2022,01,브루나이,12
2022,01,니카라과,12
2022,01,피지,11
2022,01,키프로스,11
2022,01,콩고,11
2022,01,우루과이,11
2022,01,세르비아,11
2022,01,에스토니아,10
2022,01,베냉,10
2022,01,미이크로네시아,10
2022,01,몰타,10
2022,01,모리셔스,10
2022,01,레바논,10
2022,01,파나마,9
2022,01,아이티,9
2022,01,기니,9
2022,01,팔라우,8
2022,01,파푸아뉴기니,8
2022,01,부르키나파소,8
2022,01,감비아,8
2022,01,가봉,8
2022,01,자이르,7
2022,01,영국외지민,7
2022,01,모리타니,7
2022,01,르완다,7
2022,01,토고,6
2022,01,에스와티니,6
2022,01,앙골라,6
2022,01,소말리아,6
2022,01,몰도바,6
2022,01,카타르,5
2022,01,사모아,5
2022,01,트리니다드토바고,4
2022,01,통가,4
2022,01,쿠바,4
2022,01,중앙아프리카공화국,4
2022,01,잠비아,4
2022,01,수리남,4
2022,01,벨리즈,4
2022,01,모잠비크,4
2022,01,말라위,4
2022,01,팔레스타인,3
2022,01,코소보,3
2022,01,지부티,3
2022,01,엘살바도르,3
2022,01,아이슬란드,3
2022,01,부룬디,3
2022,01,마다가스카르,3
2022,01,룩셈부르크,3
2022,01,도미니카연방,3
2022,01,나우루,3
2022,01,기니비사우,3
2022,01,적도기니,2
2022,01,에리트레아,2
2022,01,아르메니아,2
2022,01,상투메프린시페,2
2022,01,보스니아헤르체고비나,2
2022,01,바베이도스,2
2022,01,바누아투,2
2022,01,마케도니아,2
2022,01,니제르,2
2022,01,미상,2
2022,01,카보베르데,1
2022,01,유고슬라비아,1
2022,01,안도라,1
2022,01,스발바르,1
2022,01,세인트크리스토퍼네비스,1
2022,01,세인트빈센트그레나딘,1
2022,01,세이셸,1
2022,01,세르비아몬테네그로,1
2022,01,산마리노,1
2022,01,부탄,1
2022,01,보츠와나,1
2022,01,바하마,1
2022,01,바레인,1
2022,01,몬테네그로,1
2022,01,레소토,1
2022,01,그레나다,1
2022,01,가이아나,1
2022,02,태국,139718
2022,02,미국,71708
2022,02,중국,57248
2022,02,베트남,28998
2022,02,몽골,13223
2022,02,러시아연방,9334
2022,02,필리핀,8672
2022,02,카자흐스탄,7523
2022,02,한국계중국인,6730
2022,02,일본,4464
2022,02,인도네시아,4432
2022,02,우즈베키스탄,4017
2022,02,방글라데시,3427
2022,02,캐나다,2401
2022,02,프랑스,2254
2022,02,파키스탄,2238
2022,02,말레이시아,1949
2022,02,오스트레일리아,1837
2022,02,독일,1750
2022,02,인도,1737
2022,02,미얀마,1721
2022,02,네팔,1558
2022,02,캄보디아,1505
2022,02,스리랑카,1281
2022,02,타이완,1200
2022,02,영국,1132
2022,02,이란,764
2022,02,싱가포르,677
2022,02,라오스,623
2022,02,키르기즈,598
2022,02,뉴질랜드,598
2022,02,터키,587
2022,02,홍콩,552
2022,02,브라질,535
2022,02,네덜란드,499
2022,02,타지키스탄,471
2022,02,이탈리아,457
2022,02,멕시코,432
2022,02,나이지리아,365
2022,02,페루,327
2022,02,남아프리카공화국,325
2022,02,이집트,318
2022,02,스페인,301
2022,02,가나,283
2022,02,아랍에미리트연합,262
2022,02,리비아,245
2022,02,폴란드,242
2022,02,스웨덴,242
2022,02,우크라이나,240
2022,02,아르헨티나,238
2022,02,스위스,193
2022,02,벨기에,191
2022,02,핀란드,190
2022,02,모로코,172
2022,02,티모르민주공화국,167
2022,02,이라크,153
2022,02,루마니아,151
2022,02,덴마크,138
2022,02,오스트리아,136
2022,02,노르웨이,126
2022,02,요르단,116
2022,02,아일랜드,114
2022,02,파라과이,113
2022,02,콜롬비아,110
2022,02,칠레,109
2022,02,사우디아라비아,106
2022,02,그리스,101
2022,02,체코,100
2022,02,크로아티아,88
2022,02,에티오피아,75
2022,02,이스라엘,74
2022,02,헝가리,69
2022,02,리투아니아,68
2022,02,에콰도르,64
2022,02,아프가니스탄,64
2022,02,브루나이,64
2022,02,튀니지,61
2022,02,우간다,60
2022,02,포르투갈,57
2022,02,탄자니아,55
2022,02,베네수엘라,52
2022,02,케냐,51
2022,02,알제리,51
2022,02,라이베리아,51
2022,02,과테말라,51
2022,02,코트디부아르,48
2022,02,벨로루시,47
2022,02,불가리아,46
2022,02,카메룬,45
2022,02,투르크메니스탄,42
2022,02,코스타리카,36
2022,02,무국적,36
2022,02,아제르바이잔,35
2022,02,도미니카공화국,35
2022,02,온두라스,33
2022,02,시리아,32
2022,02,슬로바크,32
2022,02,예멘공화국,28
2022,02,조지아,27
2022,02,콩고민주공화국,26
2022,02,짐바브웨,26
2022,02,수단,26
2022,02,세네갈,25
2022,02,마카오,23
2022,02,라트비아,22
2022,02,자메이카,21
2022,02,알바니아,20
2022,02,오만,19
2022,02,슬로베니아,19
2022,02,볼리비아,19
2022,02,말리,19
2022,02,에스토니아,18
2022,02,파나마,17
2022,02,세르비아,17
2022,02,르완다,17
2022,02,쿠웨이트,16
2022,02,가봉,16
2022,02,우루과이,15
2022,02,시에라리온,15
2022,02,말라위,15
2022,02,국제연합,15
2022,02,피지,14
2022,02,마샬군도,14
2022,02,홍콩거주난민,13
2022,02,키프로스,13
2022,02,미등록국가,13
2022,02,몰도바,13
2022,02,잠비아,12
2022,02,콩고,11
2022,02,앙골라,11
2022,02,레바논,11
2022,02,니카라과,11
2022,02,부룬디,10
2022,02,베냉,10
2022,02,몰타,10
2022,02,기니,10
2022,02,팔레스타인,9
2022,02,영국외지민,9
2022,02,아이티,9
2022,02,미이크로네시아,9
2022,02,모리셔스,9
2022,02,팔라우,8
2022,02,파푸아뉴기니,8
2022,02,엘살바도르,8
2022,02,에스와티니,8
2022,02,부르키나파소,8
2022,02,쿠바,7
2022,02,자이르,7
2022,02,아이슬란드,7
2022,02,룩셈부르크,7
2022,02,카타르,6
2022,02,모리타니,6
2022,02,트리니다드토바고,5
2022,02,토고,5
2022,02,사모아,5
2022,02,보츠와나,5
2022,02,모잠비크,5
2022,02,마다가스카르,5
2022,02,감비아,5
2022,02,통가,4
2022,02,코모로,4
2022,02,지부티,4
2022,02,중앙아프리카공화국,4
2022,02,수리남,4
2022,02,도미니카연방,4
2022,02,코소보,3
2022,02,적도기니,3
2022,02,소말리아,3
2022,02,세인트크리스토퍼네비스,3
2022,02,벨리즈,3
2022,02,바누아투,3
2022,02,나우루,3
2022,02,기니비사우,3
2022,02,에리트레아,2
2022,02,아르메니아,2
2022,02,상투메프린시페,2
2022,02,보스니아헤르체고비나,2
2022,02,바레인,2
2022,02,몬테네그로,2
2022,02,레소토,2
2022,02,니제르,2
2022,02,카보베르데,1
2022,02,차드,1
2022,02,유고슬라비아,1
2022,02,안도라,1
2022,02,스발바르,1
2022,02,세이셸,1
2022,02,세르비아몬테네그로,1
2022,02,산마리노,1
2022,02,부탄,1
2022,02,바하마,1
2022,02,바베이도스,1
2022,02,모나코,1
2022,02,그레나다,1
2022,02,가이아나,1
2022,03,가나,271
2022,03,가봉,18
2022,03,감비아,4
2022,03,과테말라,51
2022,03,국제연합,20
2022,03,그레나다,1
2022,03,그리스,112
2022,03,기니,9
2022,03,기니비사우,3
2022,03,나미비아,1
2022,03,나우루,3
2022,03,나이지리아,367
2022,03,남아프리카공화국,266
2022,03,네덜란드,350
2022,03,네팔,1943
2022,03,노르웨이,85
2022,03,뉴질랜드,607
2022,03,니제르,2
2022,03,니카라과,9
2022,03,덴마크,129
2022,03,도미니카공화국,35
2022,03,도미니카연방,4
2022,03,독일,1374
2022,03,라오스,564
2022,03,라이베리아,55
2022,03,라트비아,26
2022,03,러시아연방,9107
2022,03,레바논,12
2022,03,레소토,2
2022,03,루마니아,162
2022,03,룩셈부르크,6
2022,03,르완다,18
2022,03,리비아,290
2022,03,리투아니아,28
2022,03,마다가스카르,3
2022,03,마샬군도,14
2022,03,마카오,25
2022,03,말라위,14
2022,03,말레이시아,1774
2022,03,말리,18
2022,03,멕시코,334
2022,03,모나코,1
2022,03,모로코,161
2022,03,모리셔스,9
2022,03,모리타니,4
2022,03,모잠비크,5
2022,03,몬테네그로,8
2022,03,몰도바,9
2022,03,몰타,10
2022,03,몽골,13444
2022,03,무국적,39
2022,03,미국,73306
2022,03,미등록국가,12
2022,03,미얀마,1652
2022,03,미이크로네시아,10
2022,03,바누아투,2
2022,03,바레인,21
2022,03,바베이도스,2
2022,03,바하마,1
2022,03,방글라데시,3417
2022,03,베냉,10
2022,03,베네수엘라,61
2022,03,베트남,30257
2022,03,벨기에,162
2022,03,벨로루시,39
2022,03,벨리즈,4
2022,03,보스니아헤르체고비나,2
2022,03,보츠와나,2
2022,03,볼리비아,14
2022,03,부룬디,11
2022,03,부르키나파소,8
2022,03,불가리아,34
2022,03,브라질,490
2022,03,브루나이,33
2022,03,사모아,5
2022,03,사우디아라비아,123
2022,03,산마리노,1
2022,03,상투메프린시페,2
2022,03,세네갈,22
2022,03,세르비아,14
2022,03,세르비아몬테네그로,1
2022,03,세이셸,1
2022,03,세인트크리스토퍼네비스,2
2022,03,소말리아,3
2022,03,수단,29
2022,03,수리남,4
2022,03,스리랑카,1381
2022,03,스발바르,1
2022,03,스웨덴,188
2022,03,스위스,183
2022,03,스페인,356
2022,03,슬로바크,29
2022,03,슬로베니아,14
2022,03,시리아,34
2022,03,시에라리온,13
2022,03,싱가포르,1114
2022,03,아랍에미리트연합,251
2022,03,아르메니아,5
2022,03,아르헨티나,237
2022,03,아이슬란드,3
2022,03,아이티,9
2022,03,아일랜드,80
2022,03,아제르바이잔,26
2022,03,아프가니스탄,51
2022,03,안도라,2
2022,03,알바니아,22
2022,03,알제리,51
2022,03,앙골라,6
2022,03,에리트레아,4
2022,03,에스와티니,6
2022,03,에스토니아,19
2022,03,에콰도르,59
2022,03,에티오피아,70
2022,03,엘살바도르,10
2022,03,영국,1114
2022,03,영국외지민,10
2022,03,예멘공화국,27
2022,03,오만,23
2022,03,오스트레일리아,1914
2022,03,오스트리아,103
2022,03,온두라스,27
2022,03,요르단,122
2022,03,우간다,44
2022,03,우루과이,11
2022,03,우즈베키스탄,4286
2022,03,우크라이나,302
2022,03,유고슬라비아,1
2022,03,이라크,167
2022,03,이란,734
2022,03,이스라엘,83
2022,03,이집트,361
2022,03,이탈리아,358
2022,03,인도,1635
2022,03,인도네시아,4197
2022,03,일본,3997
2022,03,자메이카,22
2022,03,자이르,7
2022,03,잠비아,13
2022,03,적도기니,3
2022,03,조지아,22
2022,03,중국,56682
2022,03,중앙아프리카공화국,4
2022,03,지부티,4
2022,03,짐바브웨,22
2022,03,차드,1
2022,03,체코,75
2022,03,칠레,91
2022,03,카메룬,43
2022,03,카보베르데,1
2022,03,카자흐스탄,7455
2022,03,카타르,7
2022,03,캄보디아,1565
2022,03,캐나다,2391
2022,03,케냐,55
2022,03,코모로,4
2022,03,코소보,4
2022,03,코스타리카,32
2022,03,코트디부아르,40
2022,03,콜롬비아,99
2022,03,콩고,12
2022,03,콩고민주공화국,25
2022,03,쿠바,3
2022,03,쿠웨이트,19
2022,03,크로아티아,42
2022,03,키르기즈,573
2022,03,키프로스,10
2022,03,태국,139237
2022,03,타이완,960
2022,03,타지키스탄,432
2022,03,탄자니아,34
2022,03,터키,513
2022,03,토고,5
2022,03,통가,4
2022,03,투르크메니스탄,29
2022,03,튀니지,60
2022,03,트리니다드토바고,6
2022,03,티모르민주공화국,161
2022,03,파나마,13
2022,03,파라과이,112
2022,03,파키스탄,2256
2022,03,파푸아뉴기니,8
2022,03,팔라우,8
2022,03,팔레스타인,10
2022,03,페루,327
2022,03,포르투갈,52
2022,03,폴란드,148
2022,03,프랑스,1511
2022,03,피지,13
2022,03,핀란드,98
2022,03,필리핀,8881
2022,03,한국계중국인,6288
2022,03,헝가리,55
2022,03,홍콩,496
2022,03,홍콩거주난민,13
2022,04,태국,139728
2022,04,미국,80351
2022,04,중국,53635
2022,04,베트남,29342
2022,04,몽골,13001
2022,04,필리핀,9702
2022,04,러시아연방,9206
2022,04,카자흐스탄,7871
2022,04,한국계중국인,6008
2022,04,우즈베키스탄,4382
2022,04,캐나다,4204
2022,04,인도네시아,3744
2022,04,방글라데시,3619
2022,04,일본,3431
2022,04,오스트레일리아,2748
2022,04,파키스탄,2306
2022,04,네팔,2274
2022,04,프랑스,2145
2022,04,말레이시아,1891
2022,04,독일,1611
2022,04,싱가포르,1581
2022,04,인도,1568
2022,04,미얀마,1567
2022,04,캄보디아,1481
2022,04,영국,1410
2022,04,스리랑카,1336
2022,04,터키,1003
2022,04,타이완,904
2022,04,키르기즈,749
2022,04,이란,722
2022,04,뉴질랜드,718
2022,04,라오스,687
2022,04,브라질,625
2022,04,네덜란드,600
2022,04,스페인,545
2022,04,타지키스탄,493
2022,04,이탈리아,471
2022,04,우크라이나,459
2022,04,홍콩,451
2022,04,멕시코,394
2022,04,나이지리아,355
2022,04,이집트,330
2022,04,페루,320
2022,04,스위스,297
2022,04,가나,281
2022,04,아르헨티나,273
2022,04,폴란드,250
2022,04,남아프리카공화국,249
2022,04,스웨덴,244
2022,04,아랍에미리트연합,241
2022,04,덴마크,201
2022,04,리비아,195
2022,04,이라크,187
2022,04,벨기에,180
2022,04,티모르민주공화국,180
2022,04,노르웨이,167
2022,04,모로코,155
2022,04,오스트리아,142
2022,04,루마니아,135
2022,04,아일랜드,124
2022,04,콜롬비아,121
2022,04,칠레,118
2022,04,파라과이,116
2022,04,핀란드,107
2022,04,그리스,102
2022,04,이스라엘,100
2022,04,체코,88
2022,04,요르단,85
2022,04,에콰도르,77
2022,04,포르투갈,75
2022,04,아이티,66
2022,04,베네수엘라,63
2022,04,사우디아라비아,63
2022,04,튀니지,62
2022,04,리투아니아,55
2022,04,과테말라,54
2022,04,라이베리아,54
2022,04,헝가리,54
2022,04,아프가니스탄,50
2022,04,도미니카공화국,48
2022,04,알제리,47
2022,04,크로아티아,46
2022,04,에티오피아,44
2022,04,우간다,42
2022,04,코트디부아르,42
2022,04,무국적,40
2022,04,불가리아,39
2022,04,예멘공화국,39
2022,04,카메룬,38
2022,04,벨로루시,37
2022,04,슬로바크,37
2022,04,케냐,37
2022,04,탄자니아,35
2022,04,코스타리카,34
2022,04,시리아,32
2022,04,온두라스,32
2022,04,레바논,27
2022,04,수단,27
2022,04,아제르바이잔,25
2022,04,에스토니아,25
2022,04,라트비아,24
2022,04,마카오,24
2022,04,국제연합,23
2022,04,알바니아,22
2022,04,자메이카,22
2022,04,짐바브웨,22
2022,04,세르비아,21
2022,04,말리,20
2022,04,부룬디,20
2022,04,세네갈,18
2022,04,콩고민주공화국,18
2022,04,투르크메니스탄,17
2022,04,피지,17
2022,04,르완다,15
2022,04,마샬군도,15
2022,04,브루나이,15
2022,04,슬로베니아,15
2022,04,조지아,15
2022,04,콩고,15
2022,04,가봉,14
2022,04,앙골라,14
2022,04,오만,14
2022,04,우루과이,14
2022,04,파나마,13
2022,04,홍콩거주난민,13
2022,04,시에라리온,12
2022,04,카타르,12
2022,04,키프로스,12
2022,04,몰타,11
2022,04,미등록국가,11
2022,04,베냉,11
2022,04,팔레스타인,11
2022,04,니카라과,10
2022,04,모리셔스,10
2022,04,미이크로네시아,10
2022,04,볼리비아,10
2022,04,잠비아,10
2022,04,쿠웨이트,10
2022,04,엘살바도르,9
2022,04,영국외지민,9
2022,04,기니,8
2022,04,룩셈부르크,8
2022,04,파푸아뉴기니,8
2022,04,팔라우,8
2022,04,말라위,7
2022,04,몰도바,7
2022,04,부르키나파소,7
2022,04,에스와티니,7
2022,04,자이르,7
2022,04,도미니카연방,6
2022,04,아이슬란드,6
2022,04,토고,6
2022,04,트리니다드토바고,6
2022,04,감비아,5
2022,04,마다가스카르,5
2022,04,모잠비크,5
2022,04,사모아,5
2022,04,모리타니,4
2022,04,바누아투,4
2022,04,벨리즈,4
2022,04,세인트크리스토퍼네비스,4
2022,04,수리남,4
2022,04,중앙아프리카공화국,4
2022,04,코모로,4
2022,04,코소보,4
2022,04,통가,4
2022,04,기니비사우,3
2022,04,나우루,3
2022,04,바베이도스,3
2022,04,보스니아헤르체고비나,3
2022,04,소말리아,3
2022,04,안도라,3
2022,04,지부티,3
2022,04,니제르,2
2022,04,레소토,2
2022,04,바레인,2
2022,04,바하마,2
2022,04,보츠와나,2
2022,04,상투메프린시페,2
2022,04,솔로몬군도,2
2022,04,에리트레아,2
2022,04,적도기니,2
2022,04,미상,1
2022,04,가이아나,1
2022,04,교황청,1
2022,04,그레나다,1
2022,04,몬테네그로,1
2022,04,몰디브,1
2022,04,부탄,1
2022,04,북마케도니아,1
2022,04,산마리노,1
2022,04,세르비아몬테네그로,1
2022,04,세이셸,1
2022,04,스발바르,1
2022,04,아르메니아,1
2022,04,유고슬라비아,1
2022,04,카보베르데,1
2022,04,쿠바,1
2022,04,키리바시,1
2022,05,가나,288
2022,05,가봉,13
2022,05,가이아나,2
2022,05,감비아,5
2022,05,과테말라,58
2022,05,국적불명,1
2022,05,국제연합,24
2022,05,그레나다,3
2022,05,그리스,129
2022,05,기니,10
2022,05,기니비사우,5
2022,05,나미비아,1
2022,05,나우루,4
2022,05,나이지리아,396
2022,05,남아프리카공화국,241
2022,05,네덜란드,560
2022,05,네팔,2274
2022,05,노르웨이,166
2022,05,뉴질랜드,931
2022,05,니제르,2
2022,05,니카라과,13
2022,05,덴마크,213
2022,05,도미니카공화국,49
2022,05,도미니카연방,6
2022,05,독일,2046
2022,05,라오스,895
2022,05,라이베리아,52
2022,05,라트비아,40
2022,05,러시아연방,9757
2022,05,레바논,14
2022,05,레소토,10
2022,05,루마니아,142
2022,05,룩셈부르크,11
2022,05,르완다,17
2022,05,리비아,185
2022,05,리투아니아,47
2022,05,마다가스카르,3
2022,05,마샬군도,15
2022,05,마카오,28
2022,05,말라위,7
2022,05,말레이시아,2230
2022,05,말리,26
2022,05,멕시코,364
2022,05,모로코,218
2022,05,모리셔스,15
2022,05,모리타니,4
2022,05,모잠비크,4
2022,05,몬테네그로,7
2022,05,몰도바,6
2022,05,몰타,15
2022,05,몽골,12927
2022,05,무국적,40
2022,05,미국,85891
2022,05,미등록국가,13
2022,05,미얀마,1741
2022,05,미이크로네시아,10
2022,05,바누아투,1
2022,05,바레인,5
2022,05,바베이도스,2
2022,05,바하마,1
2022,05,방글라데시,3637
2022,05,베냉,11
2022,05,베네수엘라,50
2022,05,베트남,30113
2022,05,벨기에,198
2022,05,벨로루시,28
2022,05,벨리즈,3
2022,05,보스니아헤르체고비나,5
2022,05,보츠와나,5
2022,05,볼리비아,11
2022,05,부룬디,6
2022,05,부르키나파소,7
2022,05,부탄,4
2022,05,북마케도니아,1
2022,05,불가리아,44
2022,05,브라질,692
2022,05,브루나이,13
2022,05,사모아,5
2022,05,사우디아라비아,215
2022,05,산마리노,1
2022,05,상투메프린시페,2
2022,05,세네갈,22
2022,05,세르비아,19
2022,05,세르비아몬테네그로,1
2022,05,세이셸,1
2022,05,세인트루시아,2
2022,05,세인트크리스토퍼네비스,3
2022,05,소말리아,3
2022,05,수단,32
2022,05,수리남,4
2022,05,스리랑카,1296
2022,05,스발바르,1
2022,05,스웨덴,316
2022,05,스위스,320
2022,05,스페인,440
2022,05,슬로바크,41
2022,05,슬로베니아,18
2022,05,시리아,34
2022,05,시에라리온,20
2022,05,싱가포르,2278
2022,05,아랍에미리트연합,267
2022,05,아르메니아,1
2022,05,아르헨티나,269
2022,05,아이슬란드,2
2022,05,아이티,153
2022,05,아일랜드,131
2022,05,아제르바이잔,40
2022,05,아프가니스탄,48
2022,05,안도라,2
2022,05,알바니아,27
2022,05,알제리,56
2022,05,앙골라,13
2022,05,에리트레아,2
2022,05,에스와티니,7
2022,05,에스토니아,24
2022,05,에콰도르,81
2022,05,에티오피아,54
2022,05,엘살바도르,6
2022,05,영국,1764
2022,05,영국외지민,10
2022,05,예멘공화국,37
2022,05,오만,34
2022,05,오스트레일리아,3312
2022,05,오스트리아,210
2022,05,온두라스,30
2022,05,요르단,84
2022,05,우간다,37
2022,05,우루과이,18
2022,05,우즈베키스탄,4960
2022,05,우크라이나,370
2022,05,유고슬라비아,1
2022,05,이라크,186
2022,05,이란,769
2022,05,이스라엘,173
2022,05,이집트,356
2022,05,이탈리아,482
2022,05,인도,1970
2022,05,인도네시아,3706
2022,05,일본,3819
2022,05,자메이카,23
2022,05,자이르,7
2022,05,잠비아,13
2022,05,적도기니,5
2022,05,조지아,15
2022,05,중국,52547
2022,05,중앙아프리카공화국,7
2022,05,지부티,3
2022,05,짐바브웨,22
2022,05,체코,74
2022,05,칠레,95
2022,05,카메룬,42
2022,05,카보베르데,1
2022,05,카자흐스탄,9586
2022,05,카타르,27
2022,05,캄보디아,1569
2022,05,캐나다,5157
2022,05,케냐,27
2022,05,코소보,2
2022,05,코스타리카,37
2022,05,코트디부아르,41
2022,05,콜롬비아,168
2022,05,콩고,13
2022,05,콩고민주공화국,19
2022,05,쿠바,2
2022,05,쿠웨이트,35
2022,05,크로아티아,38
2022,05,키르기즈,662
2022,05,키리바시,1
2022,05,키프로스,12
2022,05,태국,142316
2022,05,타이완,1033
2022,05,타지키스탄,511
2022,05,탄자니아,31
2022,05,터키,1668
2022,05,토고,7
2022,05,통가,4
2022,05,투르크메니스탄,18
2022,05,튀니지,75
2022,05,트리니다드토바고,7
2022,05,티모르민주공화국,215
2022,05,파나마,14
2022,05,파라과이,119
2022,05,파키스탄,2225
2022,05,파푸아뉴기니,8
2022,05,팔라우,8
2022,05,팔레스타인,8
2022,05,페루,340
2022,05,포르투갈,105
2022,05,폴란드,265
2022,05,프랑스,2115
2022,05,피지,18
2022,05,핀란드,126
2022,05,필리핀,10630
2022,05,한국계중국인,6182
2022,05,헝가리,78
2022,05,홍콩,506
2022,05,홍콩거주난민,13
2022,06,태국,149488
2022,06,미국,94686
2022,06,중국,53817
2022,06,베트남,33984
2022,06,몽골,14338
2022,06,카자흐스탄,12037
2022,06,필리핀,10926
2022,06,러시아(연방),10440
2022,06,한국계중국인,6437
2022,06,캐나다,5773
2022,06,우즈베키스탄,5544
2022,06,인도네시아,4967
2022,06,일본,4456
2022,06,오스트레일리아,3680
2022,06,방글라데시,3642
2022,06,네팔,3345
2022,06,싱가포르,2932
2022,06,말레이시아,2525
2022,06,인도,2422
2022,06,파키스탄,2417
2022,06,독일,2171
2022,06,튀르키예,2096
2022,06,프랑스,2092
2022,06,캄보디아,1971
2022,06,영국,1965
2022,06,미얀마,1734
2022,06,스리랑카,1697
2022,06,타이완,1196
2022,06,뉴질랜드,1027
2022,06,라오스,844
2022,06,키르기즈,774
2022,06,이란,755
2022,06,홍콩,741
2022,06,브라질,711
2022,06,네덜란드,637
2022,06,이탈리아,573
2022,06,멕시코,533
2022,06,타지키스탄,511
2022,06,스웨덴,458
2022,06,스페인,445
2022,06,나이지리아,381
2022,06,이집트,365
2022,06,아랍에미리트연합,360
2022,06,우크라이나,358
2022,06,페루,352
2022,06,스위스,349
2022,06,폴란드,342
2022,06,가나,311
2022,06,사우디아라비아,292
2022,06,벨기에,263
2022,06,모로코,261
2022,06,노르웨이,256
2022,06,아르헨티나,256
2022,06,티모르민주공화국,253
2022,06,덴마크,246
2022,06,남아프리카공화국,217
2022,06,이라크,187
2022,06,콜롬비아,187
2022,06,이스라엘,181
2022,06,핀란드,179
2022,06,아일랜드,170
2022,06,오스트리아,159
2022,06,리비아,143
2022,06,아이티,139
2022,06,체코,131
2022,06,파라과이,125
2022,06,루마니아,116
2022,06,요르단,116
2022,06,그리스,114
2022,06,칠레,110
2022,06,포르투갈,97
2022,06,헝가리,96
2022,06,리투아니아,76
2022,06,에콰도르,73
2022,06,슬로바크,72
2022,06,튀니지,69
2022,06,불가리아,65
2022,06,코트디부아르,64
2022,06,에티오피아,62
2022,06,시리아,60
2022,06,아프가니스탄,60
2022,06,크로아티아,60
2022,06,베네수엘라,58
2022,06,라이베리아,55
2022,06,과테말라,52
2022,06,조지아,52
2022,06,코스타리카,51
2022,06,알제리,48
2022,06,케냐,48
2022,06,오만,44
2022,06,쿠웨이트,42
2022,06,우간다,41
2022,06,카메룬,41
2022,06,카타르,40
2022,06,도미니카공화국,37
2022,06,무국적,36
2022,06,온두라스,35
2022,06,예멘공화국,33
2022,06,피지,32
2022,06,알바니아,31
2022,06,마카오,30
2022,06,세르비아,30
2022,06,수단,30
2022,06,에스토니아,30
2022,06,탄자니아,30
2022,06,벨로루시,29
2022,06,레바논,28
2022,06,말리,28
2022,06,아제르바이잔,27
2022,06,세네갈,25
2022,06,슬로베니아,25
2022,06,자메이카,23
2022,06,투르크메니스탄,23
2022,06,라트비아,22
2022,06,국제연합,21
2022,06,짐바브웨,21
2022,06,콩고민주공화국,20
2022,06,모리셔스,19
2022,06,브루나이,19
2022,06,잠비아,19
2022,06,시에라리온,17
2022,06,영국외지민,16
2022,06,키프로스,16
2022,06,콩고,15
2022,06,몰타,14
2022,06,팔레스타인,14
2022,06,니카라과,13
2022,06,르완다,13
2022,06,엘살바도르,13
2022,06,홍콩거주난민,13
2022,06,마샬군도,12
2022,06,바레인,12
2022,06,아이슬란드,12
2022,06,가봉,11
2022,06,룩셈부르크,11
2022,06,미등록국가,11
2022,06,파나마,11
2022,06,기니,10
2022,06,베냉,10
2022,06,볼리비아,10
2022,06,앙골라,10
2022,06,우루과이,10
2022,06,모잠비크,9
2022,06,몬테네그로,9
2022,06,몰도바,9
2022,06,미이크로네시아,9
2022,06,부룬디,9
2022,06,부탄,9
2022,06,파푸아뉴기니,9
2022,06,부르키나파소,8
2022,06,에스와티니,8
2022,06,토고,8
2022,06,팔라우,8
2022,06,도미니카연방,7
2022,06,자이르,7
2022,06,쿠바,7
2022,06,보츠와나,6
2022,06,트리니다드토바고,6
2022,06,감비아,5
2022,06,기니비사우,5
2022,06,벨리즈,5
2022,06,사모아,5
2022,06,세인트크리스토퍼네비스,5
2022,06,중앙아프리카공화국,5
2022,06,마다가스카르,4
2022,06,말라위,4
2022,06,모리타니,4
2022,06,수리남,4
2022,06,통가,4
2022,06,나우루,3
2022,06,소말리아,3
2022,06,아르메니아,3
2022,06,지부티,3
2022,06,그레나다,2
2022,06,니제르,2
2022,06,레소토,2
2022,06,바베이도스,2
2022,06,보스니아-헤르체고비나,2
2022,06,산마리노,2
2022,06,상투메프린시페,2
2022,06,안도라,2
2022,06,에리트레아,2
2022,06,영국속령지시민,2
2022,06,적도기니,2
2022,06,키리바시,2
2022,06,가이아나,1
2022,06,국적불명,1
2022,06,몰디브,1
2022,06,바누아투,1
2022,06,바하마,1
2022,06,세르비아몬테네그로,1
2022,06,세이셸,1
2022,06,스발바르,1
2022,06,유고슬라비아,1
2022,06,카보베르데,1
2022,06,코소보,1
2022,07,태국,152933
2022,07,미국,90164
2022,07,중국,56568
2022,07,베트남,35826
2022,07,몽골,15424
2022,07,카자흐스탄,13361
2022,07,필리핀,11116
2022,07,러시아(연방),11112
2022,07,한국계중국인,7477
2022,07,캐나다,6904
2022,07,우즈베키스탄,6556
2022,07,인도네시아,5554
2022,07,일본,5000
2022,07,네팔,3807
2022,07,방글라데시,3567
2022,07,오스트레일리아,3257
2022,07,프랑스,3181
2022,07,인도,2817
2022,07,독일,2752
2022,07,영국,2697
2022,07,말레이시아,2597
2022,07,파키스탄,2447
2022,07,캄보디아,2284
2022,07,미얀마,2219
2022,07,싱가포르,1854
2022,07,튀르키예,1849
2022,07,스리랑카,1739
2022,07,타이완,1433
2022,07,네덜란드,1252
2022,07,뉴질랜드,1060
2022,07,홍콩,1054
2022,07,키르기즈,816
2022,07,이란,776
2022,07,브라질,747
2022,07,라오스,707
2022,07,타지키스탄,677
2022,07,이탈리아,658
2022,07,스페인,656
2022,07,스위스,630
2022,07,멕시코,471
2022,07,아랍에미리트연합,460
2022,07,폴란드,383
2022,07,이집트,375
2022,07,벨기에,374
2022,07,나이지리아,372
2022,07,페루,368
2022,07,우크라이나,357
2022,07,가나,344
2022,07,스웨덴,327
2022,07,오스트리아,312
2022,07,사우디아라비아,311
2022,07,아르헨티나,299
2022,07,남아프리카공화국,296
2022,07,모로코,290
2022,07,덴마크,270
2022,07,티모르민주공화국,241
2022,07,아일랜드,223
2022,07,노르웨이,209
2022,07,이라크,188
2022,07,이스라엘,174
2022,07,콜롬비아,166
2022,07,체코,156
2022,07,칠레,137
2022,07,요르단,135
2022,07,루마니아,134
2022,07,리비아,134
2022,07,핀란드,131
2022,07,그리스,127
2022,07,파라과이,123
2022,07,포르투갈,121
2022,07,헝가리,98
2022,07,쿠웨이트,89
2022,07,아이티,85
2022,07,에콰도르,82
2022,07,슬로바크,79
2022,07,카타르,70
2022,07,오만,68
2022,07,라이베리아,67
2022,07,튀니지,65
2022,07,베네수엘라,61
2022,07,탄자니아,60
2022,07,벨로루시,59
2022,07,아프가니스탄,58
2022,07,에티오피아,57
2022,07,과테말라,55
2022,07,카메룬,54
2022,07,케냐,54
2022,07,알제리,53
2022,07,시리아,51
2022,07,불가리아,50
2022,07,우간다,50
2022,07,크로아티아,49
2022,07,코트디부아르,43
2022,07,도미니카공화국,42
2022,07,아제르바이잔,41
2022,07,슬로베니아,40
2022,07,무국적,39
2022,07,리투아니아,34
2022,07,코스타리카,34
2022,07,수단,33
2022,07,라트비아,32
2022,07,르완다,32
2022,07,마카오,32
2022,07,온두라스,32
2022,07,룩셈부르크,31
2022,07,세르비아,31
2022,07,알바니아,30
2022,07,에스토니아,30
2022,07,말리,29
2022,07,예멘공화국,29
2022,07,브루나이,27
2022,07,자메이카,27
2022,07,영국외지민,24
2022,07,조지아,24
2022,07,짐바브웨,24
2022,07,콩고민주공화국,23
2022,07,국제연합,22
2022,07,피지,21
2022,07,세네갈,20
2022,07,쿠바,20
2022,07,투르크메니스탄,20
2022,07,마샬군도,19
2022,07,모리셔스,19
2022,07,몬테네그로,17
2022,07,미등록국가,17
2022,07,니카라과,16
2022,07,콩고,16
2022,07,파나마,16
2022,07,팔레스타인,16
2022,07,몰타,14
2022,07,볼리비아,14
2022,07,아이슬란드,14
2022,07,키프로스,14
2022,07,홍콩거주난민,13
2022,07,가봉,12
2022,07,기니,12
2022,07,레바논,12
2022,07,시에라리온,12
2022,07,몰도바,10
2022,07,부룬디,10
2022,07,우루과이,10
2022,07,파푸아뉴기니,10
2022,07,팔라우,10
2022,07,마다가스카르,9
2022,07,미이크로네시아,9
2022,07,베냉,9
2022,07,세인트크리스토퍼네비스,9
2022,07,잠비아,9
2022,07,아르메니아,8
2022,07,앙골라,8
2022,07,에스와티니,8
2022,07,부르키나파소,7
2022,07,엘살바도르,7
2022,07,자이르,7
2022,07,토고,7
2022,07,트리니다드토바고,7
2022,07,도미니카연방,6
2022,07,바레인,6
2022,07,통가,6
2022,07,가이아나,5
2022,07,감비아,5
2022,07,말라위,5
2022,07,모나코,5
2022,07,모잠비크,5
2022,07,부탄,5
2022,07,사모아,5
2022,07,기니비사우,4
2022,07,모리타니,4
2022,07,보스니아-헤르체고비나,4
2022,07,보츠와나,4
2022,07,소말리아,4
2022,07,수리남,4
2022,07,중앙아프리카공화국,4
2022,07,나우루,3
2022,07,바베이도스,3
2022,07,바하마,3
2022,07,벨리즈,3
2022,07,적도기니,3
2022,07,지부티,3
2022,07,키리바시,3
2022,07,니제르,2
2022,07,상투메프린시페,2
2022,07,세인트루시아,2
2022,07,에리트레아,2
2022,07,영국속령지시민,2
2022,07,코소보,2
2022,07,국적불명,1
2022,07,그레나다,1
2022,07,레소토,1
2022,07,바누아투,1
2022,07,불령가이아나,1
2022,07,산마리노,1
2022,07,세르비아몬테네그로,1
2022,07,세이셸,1
2022,07,스발바르,1
2022,07,안도라,1
2022,07,앤티카바부다,1
2022,07,영국외지시민,1
2022,07,유고슬라비아,1
2022,07,카보베르데,1
2022,07,투발루,1
2022,08,태국,152702
2022,08,미국,85030
2022,08,중국,67902
2022,08,베트남,39476
2022,08,몽골,16946
2022,08,카자흐스탄,13201
2022,08,필리핀,11537
2022,08,러시아(연방),10953
2022,08,일본,10407
2022,08,한국계중국인,7611
2022,08,우즈베키스탄,7410
2022,08,인도네시아,6869
2022,08,캐나다,5548
2022,08,독일,4694
2022,08,프랑스,4316
2022,08,네팔,4202
2022,08,방글라데시,3981
2022,08,오스트레일리아,3934
2022,08,말레이시아,3312
2022,08,인도,3251
2022,08,캄보디아,2912
2022,08,타이완,2872
2022,08,미얀마,2860
2022,08,영국,2671
2022,08,파키스탄,2638
2022,08,싱가포르,2115
2022,08,스리랑카,1867
2022,08,튀르키예,1529
2022,08,홍콩,1279
2022,08,네덜란드,1179
2022,08,뉴질랜드,1107
2022,08,스페인,1059
2022,08,키르기즈,1040
2022,08,이탈리아,1029
2022,08,타지키스탄,918
2022,08,이란,839
2022,08,라오스,812
2022,08,브라질,799
2022,08,멕시코,753
2022,08,스위스,645
2022,08,폴란드,534
2022,08,스웨덴,490
2022,08,벨기에,473
2022,08,우크라이나,438
2022,08,나이지리아,431
2022,08,오스트리아,429
2022,08,이집트,412
2022,08,아랍에미리트연합,406
2022,08,페루,395
2022,08,덴마크,390
2022,08,가나,387
2022,08,사우디아라비아,384
2022,08,모로코,344
2022,08,남아프리카공화국,336
2022,08,아르헨티나,291
2022,08,콜롬비아,264
2022,08,티모르민주공화국,264
2022,08,핀란드,262
2022,08,체코,255
2022,08,이스라엘,254
2022,08,노르웨이,223
2022,08,아일랜드,222
2022,08,루마니아,203
2022,08,이라크,199
2022,08,포르투갈,168
2022,08,헝가리,166
2022,08,그리스,165
2022,08,칠레,160
2022,08,요르단,159
2022,08,파라과이,143
2022,08,리비아,125
2022,08,브루나이,107
2022,08,에콰도르,107
2022,08,탄자니아,102
2022,08,리투아니아,100
2022,08,에티오피아,96
2022,08,시리아,95
2022,08,우간다,94
2022,08,케냐,91
2022,08,아제르바이잔,90
2022,08,벨로루시,88
2022,08,불가리아,86
2022,08,슬로바크,86
2022,08,쿠웨이트,85
2022,08,크로아티아,77
2022,08,카메룬,76
2022,08,튀니지,76
2022,08,알제리,72
2022,08,과테말라,68
2022,08,라이베리아,66
2022,08,조지아,65
2022,08,라트비아,64
2022,08,아프가니스탄,64
2022,08,베네수엘라,58
2022,08,도미니카공화국,56
2022,08,수단,56
2022,08,코스타리카,55
2022,08,코트디부아르,54
2022,08,콩고민주공화국,54
2022,08,자메이카,52
2022,08,르완다,51
2022,08,투르크메니스탄,49
2022,08,룩셈부르크,48
2022,08,세네갈,45
2022,08,무국적,44
2022,08,마카오,42
2022,08,예멘공화국,40
2022,08,슬로베니아,39
2022,08,아이티,39
2022,08,피지,37
2022,08,말리,36
2022,08,에스토니아,36
2022,08,영국외지민,36
2022,08,온두라스,35
2022,08,알바니아,34
2022,08,카타르,34
2022,08,짐바브웨,33
2022,08,세르비아,32
2022,08,국제연합,31
2022,08,볼리비아,31
2022,08,파나마,30
2022,08,팔레스타인,30
2022,08,오만,29
2022,08,키프로스,27
2022,08,부룬디,24
2022,08,마다가스카르,23
2022,08,레바논,22
2022,08,마샬군도,22
2022,08,아이슬란드,22
2022,08,니카라과,21
2022,08,모리셔스,21
2022,08,몰도바,20
2022,08,우루과이,19
2022,08,미등록국가,17
2022,08,콩고,17
2022,08,엘살바도르,16
2022,08,가봉,15
2022,08,시에라리온,15
2022,08,감비아,14
2022,08,말라위,14
2022,08,모잠비크,14
2022,08,몰타,14
2022,08,부르키나파소,14
2022,08,몬테네그로,13
2022,08,바레인,13
2022,08,홍콩거주난민,13
2022,08,베냉,12
2022,08,기니,11
2022,08,트리니다드토바고,11
2022,08,파푸아뉴기니,11
2022,08,미이크로네시아,10
2022,08,세인트크리스토퍼네비스,10
2022,08,앙골라,10
2022,08,잠비아,9
2022,08,팔라우,9
2022,08,에스와티니,7
2022,08,자이르,7
2022,08,토고,7
2022,08,도미니카연방,6
2022,08,보스니아-헤르체고비나,6
2022,08,사모아,6
2022,08,아르메니아,6
2022,08,모리타니,5
2022,08,바하마,5
2022,08,보츠와나,5
2022,08,북마케도니아,5
2022,08,소말리아,5
2022,08,수리남,5
2022,08,안도라,5
2022,08,그레나다,4
2022,08,기니비사우,4
2022,08,나미비아,4
2022,08,몰디브,4
2022,08,바베이도스,4
2022,08,부탄,4
2022,08,중앙아프리카공화국,4
2022,08,통가,4
2022,08,가이아나,3
2022,08,나우루,3
2022,08,니제르,3
2022,08,벨리즈,3
2022,08,솔로몬군도,3
2022,08,지부티,3
2022,08,코모로,3
2022,08,바누아투,2
2022,08,상투메프린시페,2
2022,08,에리트레아,2
2022,08,적도기니,2
2022,08,코소보,2
2022,08,쿠바,2
2022,08,국적불명,1
2022,08,남수단공화국,1
2022,08,레소토,1
2022,08,불령가이아나,1
2022,08,산마리노,1
2022,08,세르비아몬테네그로,1
2022,08,세이셸,1
2022,08,세인트루시아,1
2022,08,스발바르,1
2022,08,영국속령지시민,1
2022,08,유고슬라비아,1
2022,08,카보베르데,1
2022,08,키리바시,1
2022,09,태국,154146
2022,09,미국,91593
2022,09,중국,71485
2022,09,베트남,42307
2022,09,몽골,19435
2022,09,카자흐스탄,13004
2022,09,필리핀,12180
2022,09,러시아(연방),11413
2022,09,일본,9204
2022,09,한국계중국인,8838
2022,09,우즈베키스탄,7600
2022,09,캐나다,7433
2022,09,인도네시아,7102
2022,09,오스트레일리아,6058
2022,09,독일,4889
2022,09,네팔,4710
2022,09,싱가포르,4431
2022,09,프랑스,4371
2022,09,방글라데시,3877
2022,09,캄보디아,3543
2022,09,인도,3452
2022,09,말레이시아,3353
2022,09,미얀마,3215
2022,09,파키스탄,2762
2022,09,영국,2659
2022,09,타이완,2657
2022,09,스리랑카,2106
2022,09,홍콩,1705
2022,09,뉴질랜드,1670
2022,09,타지키스탄,1291
2022,09,튀르키예,1287
2022,09,네덜란드,1255
2022,09,키르기즈,1154
2022,09,스페인,956
2022,09,이탈리아,943
2022,09,라오스,910
2022,09,브라질,897
2022,09,이란,792
2022,09,멕시코,745
2022,09,이스라엘,697
2022,09,스위스,663
2022,09,폴란드,573
2022,09,스웨덴,547
2022,09,벨기에,493
2022,09,이집트,459
2022,09,나이지리아,434
2022,09,우크라이나,417
2022,09,페루,408
2022,09,가나,394
2022,09,덴마크,381
2022,09,아랍에미리트연합,371
2022,09,오스트리아,360
2022,09,아르헨티나,354
2022,09,모로코,335
2022,09,사우디아라비아,327
2022,09,남아프리카공화국,305
2022,09,노르웨이,286
2022,09,티모르민주공화국,278
2022,09,콜롬비아,268
2022,09,핀란드,245
2022,09,아일랜드,233
2022,09,이라크,205
2022,09,칠레,202
2022,09,체코,200
2022,09,루마니아,176
2022,09,포르투갈,170
2022,09,요르단,166
2022,09,리비아,163
2022,09,헝가리,151
2022,09,그리스,138
2022,09,에콰도르,133
2022,09,파라과이,131
2022,09,슬로바크,119
2022,09,리투아니아,101
2022,09,벨로루시,89
2022,09,카메룬,89
2022,09,우간다,88
2022,09,시리아,84
2022,09,에티오피아,83
2022,09,알제리,82
2022,09,케냐,82
2022,09,탄자니아,82
2022,09,튀니지,82
2022,09,라이베리아,71
2022,09,브루나이,71
2022,09,아제르바이잔,70
2022,09,베네수엘라,69
2022,09,불가리아,66
2022,09,아프가니스탄,66
2022,09,에스토니아,66
2022,09,과테말라,63
2022,09,크로아티아,63
2022,09,쿠웨이트,62
2022,09,도미니카공화국,57
2022,09,수단,55
2022,09,온두라스,53
2022,09,코스타리카,53
2022,09,코트디부아르,51
2022,09,르완다,50
2022,09,마카오,49
2022,09,영국외지민,49
2022,09,예멘공화국,49
2022,09,콩고민주공화국,49
2022,09,투르크메니스탄,48
2022,09,세르비아,42
2022,09,슬로베니아,42
2022,09,말리,41
2022,09,라트비아,40
2022,09,조지아,40
2022,09,국제연합,39
2022,09,무국적,39
2022,09,짐바브웨,39
2022,09,부룬디,36
2022,09,볼리비아,35
2022,09,파나마,35
2022,09,알바니아,31
2022,09,자메이카,31
2022,09,모리셔스,29
2022,09,우루과이,28
2022,09,카타르,28
2022,09,팔레스타인,28
2022,09,룩셈부르크,27
2022,09,엘살바도르,27
2022,09,레바논,25
2022,09,세네갈,24
2022,09,아이슬란드,24
2022,09,키프로스,23
2022,09,피지,23
2022,09,오만,22
2022,09,몰도바,20
2022,09,아이티,20
2022,09,마샬군도,19
2022,09,앙골라,19
2022,09,가봉,18
2022,09,마다가스카르,18
2022,09,니카라과,17
2022,09,잠비아,16
2022,09,말라위,15
2022,09,모잠비크,15
2022,09,몰타,15
2022,09,콩고,15
2022,09,바레인,14
2022,09,시에라리온,13
2022,09,홍콩거주난민,13
2022,09,감비아,12
2022,09,미등록국가,12
2022,09,베냉,12
2022,09,보스니아-헤르체고비나,12
2022,09,파푸아뉴기니,12
2022,09,부르키나파소,10
2022,09,트리니다드토바고,10
2022,09,기니,9
2022,09,미이크로네시아,9
2022,09,도미니카연방,8
2022,09,몬테네그로,8
2022,09,보츠와나,8
2022,09,세인트크리스토퍼네비스,8
2022,09,에스와티니,8
2022,09,수리남,7
2022,09,아르메니아,7
2022,09,자이르,7
2022,09,토고,7
2022,09,몰디브,6
2022,09,바베이도스,6
2022,09,부탄,6
2022,09,북마케도니아,6
2022,09,소말리아,6
2022,09,팔라우,6
2022,09,벨리즈,5
2022,09,사모아,5
2022,09,중앙아프리카공화국,5
2022,09,키리바시,5
2022,09,통가,5
2022,09,기니비사우,4
2022,09,남수단공화국,4
2022,09,모리타니,4
2022,09,바하마,4
2022,09,세인트루시아,4
2022,09,솔로몬군도,4
2022,09,앤티카바부다,4
2022,09,가이아나,3
2022,09,나우루,3
2022,09,세인트빈센트그레나딘,3
2022,09,지부티,3
2022,09,쿠바,3
2022,09,그레나다,2
2022,09,니제르,2
2022,09,상투메프린시페,2
2022,09,안도라,2
2022,09,에리트레아,2
2022,09,코모로,2
2022,09,국적불명,1
2022,09,레소토,1
2022,09,리히텐슈타인,1
2022,09,미국인근섬,1
2022,09,바누아투,1
2022,09,불령가이아나,1
2022,09,산마리노,1
2022,09,세르비아몬테네그로,1
2022,09,세이셸,1
2022,09,스발바르,1
2022,09,유고슬라비아,1
2022,09,적도기니,1
2022,09,차드,1
2022,09,코소보,1
2022,10,태국,157412
2022,10,미국,91949
2022,10,중국,66643
2022,10,베트남,43568
2022,10,몽골,20480
2022,10,필리핀,15138
2022,10,카자흐스탄,12731
2022,10,러시아(연방),11341
2022,10,일본,11084
2022,10,한국계중국인,9726
2022,10,인도네시아,7970
2022,10,캐나다,7293
2022,10,싱가포르,6991
2022,10,우즈베키스탄,6838
2022,10,오스트레일리아,5194
2022,10,프랑스,5126
2022,10,말레이시아,4626
2022,10,네팔,4195
2022,10,캄보디아,4059
2022,10,타이완,3825
2022,10,방글라데시,3740
2022,10,인도,3240
2022,10,독일,3225
2022,10,홍콩,3183
2022,10,미얀마,3097
2022,10,파키스탄,2765
2022,10,영국,2451
2022,10,스리랑카,2403
2022,10,뉴질랜드,1604
2022,10,타지키스탄,1330
2022,10,튀르키예,1201
2022,10,키르기즈,1195
2022,10,이탈리아,955
2022,10,브라질,935
2022,10,네덜란드,915
2022,10,스페인,909
2022,10,이란,803
2022,10,라오스,787
2022,10,멕시코,727
2022,10,스웨덴,669
2022,10,벨기에,522
2022,10,스위스,522
2022,10,폴란드,515
2022,10,아랍에미리트연합,472
2022,10,이집트,459
2022,10,나이지리아,450
2022,10,페루,428
2022,10,우크라이나,396
2022,10,이스라엘,384
2022,10,사우디아라비아,381
2022,10,아르헨티나,364
2022,10,덴마크,361
2022,10,가나,356
2022,10,오스트리아,322
2022,10,남아프리카공화국,320
2022,10,티모르민주공화국,288
2022,10,모로코,283
2022,10,콜롬비아,265
2022,10,노르웨이,231
2022,10,핀란드,230
2022,10,칠레,212
2022,10,이라크,209
2022,10,루마니아,208
2022,10,체코,207
2022,10,아일랜드,191
2022,10,리비아,187
2022,10,요르단,177
2022,10,포르투갈,166
2022,10,헝가리,160
2022,10,파라과이,143
2022,10,에콰도르,139
2022,10,그리스,128
2022,10,케냐,126
2022,10,우간다,116
2022,10,탄자니아,112
2022,10,리투아니아,109
2022,10,과테말라,97
2022,10,시리아,92
2022,10,에티오피아,92
2022,10,튀니지,89
2022,10,알제리,80
2022,10,불가리아,76
2022,10,에스토니아,76
2022,10,영국외지민,76
2022,10,베네수엘라,73
2022,10,슬로바크,72
2022,10,코스타리카,72
2022,10,수단,68
2022,10,라이베리아,64
2022,10,아프가니스탄,64
2022,10,벨로루시,63
2022,10,도미니카공화국,62
2022,10,카메룬,62
2022,10,마카오,61
2022,10,아제르바이잔,60
2022,10,엘살바도르,52
2022,10,코트디부아르,50
2022,10,르완다,49
2022,10,투르크메니스탄,48
2022,10,브루나이,47
2022,10,콩고민주공화국,47
2022,10,슬로베니아,46
2022,10,쿠웨이트,46
2022,10,예멘공화국,45
2022,10,볼리비아,44
2022,10,세르비아,42
2022,10,온두라스,42
2022,10,크로아티아,40
2022,10,무국적,39
2022,10,세네갈,39
2022,10,라트비아,37
2022,10,말리,37
2022,10,국제연합,34
2022,10,파나마,33
2022,10,피지,31
2022,10,자메이카,28
2022,10,짐바브웨,27
2022,10,알바니아,26
2022,10,카타르,26
2022,10,팔레스타인,26
2022,10,레바논,25
2022,10,부룬디,25
2022,10,오만,25
2022,10,앙골라,23
2022,10,말라위,21
2022,10,잠비아,20
2022,10,조지아,20
2022,10,키프로스,20
2022,10,니카라과,18
2022,10,모리셔스,18
2022,10,가봉,17
2022,10,마샬군도,17
2022,10,몰도바,16
2022,10,우루과이,16
2022,10,콩고,16
2022,10,룩셈부르크,15
2022,10,아이슬란드,15
2022,10,파푸아뉴기니,15
2022,10,마다가스카르,14
2022,10,모잠비크,14
2022,10,보스니아-헤르체고비나,14
2022,10,부탄,14
2022,10,감비아,13
2022,10,몰타,13
2022,10,바레인,13
2022,10,시에라리온,13
2022,10,홍콩거주난민,13
2022,10,미등록국가,12
2022,10,베냉,12
2022,10,보츠와나,12
2022,10,아이티,12
2022,10,도미니카연방,11
2022,10,세인트크리스토퍼네비스,11
2022,10,에스와티니,11
2022,10,기니,10
2022,10,미이크로네시아,10
2022,10,부르키나파소,9
2022,10,토고,8
2022,10,트리니다드토바고,8
2022,10,자이르,7
2022,10,모리타니,6
2022,10,사모아,6
2022,10,쿠바,6
2022,10,통가,6
2022,10,벨리즈,5
2022,10,아르메니아,5
2022,10,중앙아프리카공화국,5
2022,10,팔라우,5
2022,10,그레나다,4
2022,10,기니비사우,4
2022,10,수리남,4
2022,10,키리바시,4
2022,10,나우루,3
2022,10,레소토,3
2022,10,몬테네그로,3
2022,10,북마케도니아,3
2022,10,세이셸,3
2022,10,소말리아,3
2022,10,안도라,3
2022,10,지부티,3
2022,10,코모로,3
2022,10,가이아나,2
2022,10,나미비아,2
2022,10,니제르,2
2022,10,몰디브,2
2022,10,바하마,2
2022,10,불령가이아나,2
2022,10,상투메프린시페,2
2022,10,세인트루시아,2
2022,10,솔로몬군도,2
2022,10,에리트레아,2
2022,10,적도기니,2
2022,10,코소보,2
2022,10,미국인근섬,1
2022,10,바누아투,1
2022,10,바베이도스,1
2022,10,산마리노,1
2022,10,세르비아몬테네그로,1
2022,10,세인트빈센트그레나딘,1
2022,10,스발바르,1
2022,10,앤티카바부다,1
2022,10,유고슬라비아,1
2022,10,차드,1
2022,10,카보베르데,1
2022,11,태국,158106
2022,11,미국,81527
2022,11,중국,62411
2022,11,베트남,37949
2022,11,몽골,22768
2022,11,카자흐스탄,13162
2022,11,필리핀,12834
2022,11,러시아(연방),11094
2022,11,싱가포르,10932
2022,11,한국계중국인,9300
2022,11,일본,9095
2022,11,인도네시아,6944
2022,11,우즈베키스탄,6034
2022,11,오스트레일리아,5715
2022,11,캐나다,5664
2022,11,타이완,4379
2022,11,말레이시아,4189
2022,11,방글라데시,4052
2022,11,네팔,3781
2022,11,캄보디아,3716
2022,11,인도,3126
2022,11,홍콩,3124
2022,11,스리랑카,2744
2022,11,파키스탄,2677
2022,11,미얀마,2570
2022,11,프랑스,2331
2022,11,독일,2106
2022,11,영국,1860
2022,11,뉴질랜드,1482
2022,11,타지키스탄,1316
2022,11,튀르키예,1246
2022,11,키르기즈,1177
2022,11,라오스,839
2022,11,이란,816
2022,11,브라질,792
2022,11,이탈리아,728
2022,11,사우디아라비아,602
2022,11,스페인,586
2022,11,네덜란드,531
2022,11,멕시코,491
2022,11,이집트,454
2022,11,페루,426
2022,11,아랍에미리트연합,393
2022,11,나이지리아,371
2022,11,가나,344
2022,11,폴란드,344
2022,11,우크라이나,325
2022,11,스웨덴,311
2022,11,스위스,308
2022,11,벨기에,301
2022,11,티모르민주공화국,296
2022,11,아르헨티나,285
2022,11,남아프리카공화국,278
2022,11,모로코,268
2022,11,이라크,230
2022,11,덴마크,205
2022,11,오스트리아,194
2022,11,이스라엘,185
2022,11,리비아,180
2022,11,체코,179
2022,11,노르웨이,167
2022,11,요르단,161
2022,11,콜롬비아,154
2022,11,아일랜드,147
2022,11,칠레,140
2022,11,핀란드,134
2022,11,루마니아,131
2022,11,포르투갈,129
2022,11,파라과이,126
2022,11,그리스,108
2022,11,시리아,91
2022,11,에콰도르,82
2022,11,카타르,82
2022,11,우간다,80
2022,11,튀니지,79
2022,11,헝가리,79
2022,11,케냐,78
2022,11,알제리,74
2022,11,영국외지민,74
2022,11,에티오피아,71
2022,11,수단,69
2022,11,과테말라,68
2022,11,아프가니스탄,67
2022,11,벨로루시,66
2022,11,라이베리아,64
2022,11,콩고민주공화국,64
2022,11,코트디부아르,62
2022,11,불가리아,59
2022,11,베네수엘라,56
2022,11,리투아니아,55
2022,11,크로아티아,55
2022,11,탄자니아,55
2022,11,브루나이,54
2022,11,카메룬,54
2022,11,국제연합,53
2022,11,쿠웨이트,52
2022,11,도미니카공화국,51
2022,11,마카오,48
2022,11,르완다,47
2022,11,에스토니아,46
2022,11,예멘공화국,46
2022,11,코스타리카,46
2022,11,아제르바이잔,40
2022,11,투르크메니스탄,40
2022,11,룩셈부르크,38
2022,11,무국적,38
2022,11,슬로바크,37
2022,11,슬로베니아,36
2022,11,세네갈,35
2022,11,라트비아,34
2022,11,짐바브웨,33
2022,11,말라위,32
2022,11,온두라스,32
2022,11,볼리비아,31
2022,11,조지아,31
2022,11,오만,27
2022,11,말리,26
2022,11,알바니아,26
2022,11,피지,25
2022,11,세르비아,24
2022,11,파나마,23
2022,11,자메이카,22
2022,11,팔레스타인,20
2022,11,레바논,19
2022,11,모리셔스,19
2022,11,엘살바도르,19
2022,11,앙골라,17
2022,11,잠비아,16
2022,11,파푸아뉴기니,16
2022,11,마샬군도,14
2022,11,시에라리온,14
2022,11,키프로스,14
2022,11,홍콩거주난민,14
2022,11,가봉,13
2022,11,몰도바,13
2022,11,몰타,13
2022,11,미이크로네시아,13
2022,11,우루과이,13
2022,11,기니,12
2022,11,바레인,12
2022,11,부룬디,12
2022,11,아이티,12
2022,11,콩고,12
2022,11,니카라과,11
2022,11,미등록국가,11
2022,11,베냉,10
2022,11,트리니다드토바고,10
2022,11,도미니카연방,9
2022,11,마다가스카르,9
2022,11,모잠비크,9
2022,11,중앙아프리카공화국,9
2022,11,감비아,8
2022,11,보츠와나,8
2022,11,부르키나파소,8
2022,11,팔라우,8
2022,11,바하마,7
2022,11,사모아,7
2022,11,아이슬란드,7
2022,11,자이르,7
2022,11,쿠바,7
2022,11,보스니아-헤르체고비나,6
2022,11,부탄,6
2022,11,세인트크리스토퍼네비스,6
2022,11,에스와티니,6
2022,11,토고,6
2022,11,나우루,5
2022,11,몬테네그로,5
2022,11,세인트루시아,5
2022,11,소말리아,5
2022,11,아르메니아,5
2022,11,기니비사우,4
2022,11,모리타니,4
2022,11,바누아투,4
2022,11,수리남,4
2022,11,키리바시,4
2022,11,통가,4
2022,11,그레나다,3
2022,11,벨리즈,3
2022,11,세이셸,3
2022,11,에리트레아,3
2022,11,지부티,3
2022,11,코소보,3
2022,11,니제르,2
2022,11,불령가이아나,2
2022,11,상투메프린시페,2
2022,11,세인트빈센트그레나딘,2
2022,11,앤티카바부다,2
2022,11,적도기니,2
2022,11,차드,2
2022,11,가이아나,1
2022,11,나미비아,1
2022,11,레소토,1
2022,11,몰디브,1
2022,11,미국인근섬,1
2022,11,바베이도스,1
2022,11,북마케도니아,1
2022,11,산마리노,1
2022,11,세르비아몬테네그로,1
2022,11,솔로몬군도,1
2022,11,스발바르,1
2022,11,안도라,1
2022,11,유고슬라비아,1
2022,11,카보베르데,1
2022,11,코모로,1
2022,11,투발루,1
2022,12,태국,167898
2022,12,미국,81126
2022,12,중국,65326
2022,12,베트남,38123
2022,12,몽골,25154
2022,12,일본,19397
2022,12,필리핀,14420
2022,12,카자흐스탄,13364
2022,12,러시아(연방),12054
2022,12,오스트레일리아,11292
2022,12,인도네시아,10315
2022,12,싱가포르,10239
2022,12,한국계중국인,8530
2022,12,타이완,7665
2022,12,홍콩,6573
2022,12,말레이시아,5913
2022,12,캐나다,5844
2022,12,우즈베키스탄,5409
2022,12,방글라데시,4389
2022,12,캄보디아,4002
2022,12,네팔,3110
2022,12,뉴질랜드,2746
2022,12,파키스탄,2654
2022,12,스리랑카,2630
2022,12,미얀마,2470
2022,12,인도,2150
2022,12,프랑스,2120
2022,12,영국,2102
2022,12,독일,1923
2022,12,튀르키예,1143
2022,12,브라질,1000
2022,12,키르기즈,977
2022,12,타지키스탄,860
2022,12,라오스,835
2022,12,이란,745
2022,12,이탈리아,658
2022,12,네덜란드,560
2022,12,멕시코,552
2022,12,아랍에미리트연합,533
2022,12,스페인,503
2022,12,남아프리카공화국,442
2022,12,페루,415
2022,12,이집트,396
2022,12,나이지리아,392
2022,12,스위스,360
2022,12,아르헨티나,324
2022,12,가나,311
2022,12,스웨덴,302
2022,12,우크라이나,281
2022,12,모로코,271
2022,12,티모르민주공화국,270
2022,12,폴란드,223
2022,12,벨기에,222
2022,12,브루나이,214
2022,12,콜롬비아,195
2022,12,이라크,186
2022,12,리비아,180
2022,12,칠레,180
2022,12,덴마크,176
2022,12,사우디아라비아,174
2022,12,노르웨이,171
2022,12,오스트리아,162
2022,12,그리스,153
2022,12,아일랜드,147
2022,12,핀란드,144
2022,12,파라과이,128
2022,12,요르단,121
2022,12,루마니아,119
2022,12,포르투갈,114
2022,12,영국외지민,113
2022,12,튀니지,111
2022,12,이스라엘,99
2022,12,헝가리,85
2022,12,체코,80
2022,12,아프가니스탄,76
2022,12,에콰도르,74
2022,12,시리아,73
2022,12,케냐,72
2022,12,마카오,71
2022,12,베네수엘라,66
2022,12,투르크메니스탄,62
2022,12,우간다,59
2022,12,라이베리아,58
2022,12,벨로루시,56
2022,12,르완다,55
2022,12,과테말라,55
2022,12,수단,52
2022,12,카메룬,52
2022,12,에티오피아,50
2022,12,예멘공화국,49
2022,12,크로아티아,48
2022,12,도미니카공화국,47
2022,12,알제리,47
2022,12,쿠웨이트,46
2022,12,카타르,44
2022,12,에스토니아,42
2022,12,리투아니아,42
2022,12,불가리아,42
2022,12,무국적,42
2022,12,코트디부아르,42
2022,12,코스타리카,41
2022,12,온두라스,35
2022,12,슬로바크,34
2022,12,아제르바이잔,33
2022,12,조지아,31
2022,12,알바니아,31
2022,12,볼리비아,27
2022,12,말리,27
2022,12,우루과이,25
2022,12,피지,25
2022,12,슬로베니아,24
2022,12,라트비아,24
2022,12,짐바브웨,24
2022,12,세르비아,22
2022,12,모리셔스,21
2022,12,세네갈,21
2022,12,자메이카,20
2022,12,아이슬란드,19
2022,12,오만,19
2022,12,마샬군도,19
2022,12,콩고민주공화국,19
2022,12,탄자니아,19
2022,12,파나마,17
2022,12,룩셈부르크,16
2022,12,국제연합,16
2022,12,몰타,15
2022,12,홍콩거주난민,15
2022,12,엘살바도르,14
2022,12,잠비아,14
2022,12,레바논,14
2022,12,세인트크리스토퍼네비스,13
2022,12,아이티,13
2022,12,키프로스,13
2022,12,그레나다,12
2022,12,파푸아뉴기니,12
2022,12,니카라과,12
2022,12,미등록국가,12
2022,12,시에라리온,12
2022,12,팔레스타인,11
2022,12,몰도바,11
2022,12,가봉,11
2022,12,감비아,11
2022,12,콩고,11
2022,12,앙골라,10
2022,12,기니,10
2022,12,베냉,10
2022,12,쿠바,9
2022,12,모잠비크,9
2022,12,마다가스카르,8
2022,12,트리니다드토바고,8
2022,12,도미니카연방,8
2022,12,미이크로네시아,8
2022,12,부룬디,7
2022,12,자이르,7
2022,12,부르키나파소,7
2022,12,보츠와나,6
2022,12,부탄,6
2022,12,아르메니아,6
2022,12,수리남,6
2022,12,통가,6
2022,12,사모아,6
2022,12,에스와티니,6
2022,12,팔라우,6
2022,12,보스니아-헤르체고비나,5
2022,12,바레인,5
2022,12,몬테네그로,5
2022,12,말라위,5
2022,12,토고,5
2022,12,벨리즈,4
2022,12,소말리아,4
2022,12,기니비사우,4
2022,12,중앙아프리카공화국,4
2022,12,모리타니,4
2022,12,리히텐슈타인,3
2022,12,바하마,3
2022,12,나우루,3
2022,12,지부티,3
2022,12,에리트레아,3
2022,12,세인트루시아,2
2022,12,니제르,2
2022,12,바누아투,2
2022,12,바베이도스,2
2022,12,상투메프린시페,2
2022,12,적도기니,2
2022,12,북마케도니아,1
2022,12,솔로몬군도,1
2022,12,앤티카바부다,1
2022,12,코모로,1
2022,12,가이아나,1
2022,12,레소토,1
2022,12,산마리노,1
2022,12,세르비아몬테네그로,1
2022,12,세이셸,1
2022,12,스발바르,1
2022,12,안도라,1
2022,12,유고슬라비아,1
2022,12,카보베르데,1
2022,12,코소보,1
2023,01,태국,161342
2023,01,미국,70770
2023,01,중국,59809
2023,01,베트남,32189
2023,01,몽골,24227
2023,01,카자흐스탄,12886
2023,01,러시아(연방),10767
2023,01,필리핀,9623
2023,01,한국계중국인,7318
2023,01,우즈베키스탄,4881
2023,01,인도네시아,4526
2023,01,일본,4230
2023,01,캐나다,3834
2023,01,오스트레일리아,3827
2023,01,방글라데시,3799
2023,01,캄보디아,2881
2023,01,네팔,2873
2023,01,타이완,2685
2023,01,말레이시아,2582
2023,01,파키스탄,2368
2023,01,스리랑카,2082
2023,01,미얀마,1580
2023,01,인도,1569
2023,01,뉴질랜드,1079
2023,01,영국,1046
2023,01,독일,1036
2023,01,프랑스,1013
2023,01,튀르키예,1001
2023,01,홍콩,928
2023,01,타지키스탄,784
2023,01,키르기즈,782
2023,01,라오스,738
2023,01,싱가포르,719
2023,01,브라질,702
2023,01,이란,702
2023,01,페루,430
2023,01,멕시코,396
2023,01,나이지리아,340
2023,01,이집트,326
2023,01,가나,311
2023,01,이탈리아,309
2023,01,스페인,283
2023,01,티모르민주공화국,282
2023,01,아르헨티나,279
2023,01,네덜란드,225
2023,01,우크라이나,215
2023,01,아랍에미리트연합,211
2023,01,스위스,197
2023,01,모로코,192
2023,01,남아프리카공화국,185
2023,01,칠레,180
2023,01,폴란드,179
2023,01,이라크,176
2023,01,스웨덴,156
2023,01,리비아,147
2023,01,콜롬비아,123
2023,01,파라과이,123
2023,01,노르웨이,112
2023,01,오스트리아,111
2023,01,벨기에,109
2023,01,덴마크,95
2023,01,루마니아,89
2023,01,요르단,82
2023,01,그리스,75
2023,01,아일랜드,74
2023,01,체코,74
2023,01,사우디아라비아,73
2023,01,아프가니스탄,73
2023,01,포르투갈,70
2023,01,에콰도르,68
2023,01,이스라엘,68
2023,01,투르크메니스탄,65
2023,01,튀니지,63
2023,01,케냐,60
2023,01,라이베리아,57
2023,01,베네수엘라,57
2023,01,핀란드,57
2023,01,과테말라,56
2023,01,카메룬,56
2023,01,에티오피아,55
2023,01,우간다,54
2023,01,벨로루시,53
2023,01,수단,50
2023,01,헝가리,50
2023,01,르완다,46
2023,01,코트디부아르,44
2023,01,시리아,43
2023,01,알제리,42
2023,01,불가리아,41
2023,01,예멘공화국,41
2023,01,도미니카공화국,37
2023,01,코스타리카,37
2023,01,라트비아,36
2023,01,슬로바크,34
2023,01,마카오,31
2023,01,무국적,31
2023,01,온두라스,30
2023,01,크로아티아,29
2023,01,짐바브웨,27
2023,01,말리,25
2023,01,영국외지민,24
2023,01,탄자니아,23
2023,01,리투아니아,22
2023,01,피지,21
2023,01,브루나이,20
2023,01,조지아,20
2023,01,콩고민주공화국,20
2023,01,국제연합,18
2023,01,세네갈,18
2023,01,슬로베니아,18
2023,01,알바니아,18
2023,01,볼리비아,17
2023,01,우루과이,17
2023,01,자메이카,17
2023,01,쿠웨이트,17
2023,01,파나마,17
2023,01,에스토니아,16
2023,01,마샬군도,14
2023,01,모리셔스,14
2023,01,아제르바이잔,14
2023,01,홍콩거주난민,14
2023,01,시에라리온,13
2023,01,아이티,13
2023,01,콩고,13
2023,01,키프로스,13
2023,01,니카라과,12
2023,01,카타르,12
2023,01,가봉,11
2023,01,기니,11
2023,01,몰타,11
2023,01,미이크로네시아,11
2023,01,세르비아,11
2023,01,잠비아,11
2023,01,파푸아뉴기니,11
2023,01,말라위,10
2023,01,미등록국가,10
2023,01,감비아,9
2023,01,베냉,9
2023,01,부르키나파소,9
2023,01,레바논,8
2023,01,앙골라,8
2023,01,오만,8
2023,01,팔레스타인,8
2023,01,소말리아,7
2023,01,자이르,7
2023,01,부룬디,6
2023,01,에스와티니,6
2023,01,엘살바도르,6
2023,01,쿠바,6
2023,01,룩셈부르크,5
2023,01,마다가스카르,5
2023,01,모리타니,5
2023,01,모잠비크,5
2023,01,몰도바,5
2023,01,보츠와나,5
2023,01,사모아,5
2023,01,수리남,5
2023,01,아르메니아,5
2023,01,토고,5
2023,01,통가,5
2023,01,트리니다드토바고,5
2023,01,팔라우,5
2023,01,기니비사우,4
2023,01,보스니아-헤르체고비나,4
2023,01,부탄,4
2023,01,에리트레아,4
2023,01,중앙아프리카공화국,4
2023,01,나우루,3
2023,01,도미니카연방,3
2023,01,레소토,3
2023,01,몬테네그로,3
2023,01,세인트크리스토퍼네비스,3
2023,01,아이슬란드,3
2023,01,지부티,3
2023,01,니제르,2
2023,01,바누아투,2
2023,01,벨리즈,2
2023,01,상투메프린시페,2
2023,01,가이아나,1
2023,01,리히텐슈타인,1
2023,01,미국인근섬,1
2023,01,바레인,1
2023,01,바베이도스,1
2023,01,바하마,1
2023,01,산마리노,1
2023,01,세르비아몬테네그로,1
2023,01,세이셸,1
2023,01,세인트루시아,1
2023,01,스발바르,1
2023,01,안도라,1
2023,01,영국외지시민,1
2023,01,유고슬라비아,1
2023,01,적도기니,1
2023,01,카보베르데,1
2023,01,코소보,1
2023,02,태국,163674
2023,02,미국,72095
2023,02,중국,63492
2023,02,베트남,33616
2023,02,몽골,23029
2023,02,카자흐스탄,12808
2023,02,러시아(연방),10862
2023,02,필리핀,9718
2023,02,한국계중국인,6964
2023,02,우즈베키스탄,5376
2023,02,인도네시아,5323
2023,02,일본,5201
2023,02,캐나다,3966
2023,02,방글라데시,3650
2023,02,네팔,3409
2023,02,오스트레일리아,2824
2023,02,말레이시아,2780
2023,02,캄보디아,2601
2023,02,파키스탄,2434
2023,02,프랑스,2110
2023,02,스리랑카,1941
2023,02,독일,1877
2023,02,타이완,1808
2023,02,미얀마,1788
2023,02,인도,1556
2023,02,영국,1102
2023,02,튀르키예,960
2023,02,라오스,939
2023,02,타지키스탄,926
2023,02,키르기즈,811
2023,02,홍콩,807
2023,02,뉴질랜드,798
2023,02,싱가포르,786
2023,02,이란,717
2023,02,브라질,697
2023,02,멕시코,509
2023,02,스페인,489
2023,02,이탈리아,458
2023,02,페루,431
2023,02,네덜란드,416
2023,02,나이지리아,360
2023,02,이집트,342
2023,02,남아프리카공화국,317
2023,02,가나,305
2023,02,티모르민주공화국,291
2023,02,아르헨티나,268
2023,02,폴란드,231
2023,02,스웨덴,229
2023,02,모로코,226
2023,02,스위스,225
2023,02,우크라이나,216
2023,02,아랍에미리트연합,187
2023,02,핀란드,182
2023,02,콜롬비아,168
2023,02,벨기에,160
2023,02,덴마크,150
2023,02,리비아,139
2023,02,이라크,133
2023,02,체코,131
2023,02,파라과이,128
2023,02,노르웨이,126
2023,02,오스트리아,122
2023,02,사우디아라비아,116
2023,02,요르단,114
2023,02,칠레,112
2023,02,아일랜드,88
2023,02,루마니아,85
2023,02,튀니지,85
2023,02,포르투갈,81
2023,02,벨로루시,73
2023,02,헝가리,72
2023,02,에콰도르,71
2023,02,투르크메니스탄,68
2023,02,브루나이,66
2023,02,그리스,62
2023,02,이스라엘,61
2023,02,라이베리아,59
2023,02,에티오피아,59
2023,02,아프가니스탄,57
2023,02,리투아니아,56
2023,02,알제리,56
2023,02,시리아,55
2023,02,베네수엘라,54
2023,02,카메룬,54
2023,02,과테말라,53
2023,02,케냐,53
2023,02,아제르바이잔,49
2023,02,우간다,49
2023,02,도미니카공화국,48
2023,02,르완다,48
2023,02,수단,46
2023,02,마카오,45
2023,02,코트디부아르,44
2023,02,불가리아,41
2023,02,예멘공화국,41
2023,02,크로아티아,41
2023,02,코스타리카,40
2023,02,무국적,33
2023,02,탄자니아,32
2023,02,슬로바크,28
2023,02,온두라스,27
2023,02,라트비아,26
2023,02,짐바브웨,26
2023,02,조지아,25
2023,02,부룬디,23
2023,02,우루과이,22
2023,02,말리,21
2023,02,알바니아,21
2023,02,피지,21
2023,02,콩고민주공화국,20
2023,02,국제연합,19
2023,02,볼리비아,19
2023,02,세네갈,19
2023,02,카타르,19
2023,02,파나마,18
2023,02,몰도바,17
2023,02,자메이카,17
2023,02,마샬군도,16
2023,02,슬로베니아,16
2023,02,에스토니아,16
2023,02,잠비아,16
2023,02,쿠웨이트,16
2023,02,팔레스타인,15
2023,02,세르비아,14
2023,02,니카라과,13
2023,02,말라위,13
2023,02,엘살바도르,13
2023,02,영국외지민,13
2023,02,홍콩거주난민,13
2023,02,가봉,12
2023,02,레바논,12
2023,02,시에라리온,12
2023,02,키프로스,12
2023,02,기니,11
2023,02,모리셔스,11
2023,02,미이크로네시아,11
2023,02,콩고,11
2023,02,룩셈부르크,10
2023,02,앙골라,10
2023,02,몰타,9
2023,02,미등록국가,9
2023,02,베냉,9
2023,02,부르키나파소,9
2023,02,아이티,9
2023,02,오만,9
2023,02,파푸아뉴기니,9
2023,02,감비아,8
2023,02,마다가스카르,8
2023,02,팔라우,8
2023,02,모잠비크,7
2023,02,자이르,7
2023,02,몰디브,6
2023,02,아르메니아,6
2023,02,에스와티니,6
2023,02,트리니다드토바고,6
2023,02,기니비사우,5
2023,02,모리타니,5
2023,02,사모아,5
2023,02,토고,5
2023,02,통가,5
2023,02,가이아나,4
2023,02,도미니카연방,4
2023,02,소말리아,4
2023,02,수리남,4
2023,02,중앙아프리카공화국,4
2023,02,쿠바,4
2023,02,나우루,3
2023,02,바레인,3
2023,02,바베이도스,3
2023,02,보츠와나,3
2023,02,안도라,3
2023,02,영국속령지시민,3
2023,02,지부티,3
2023,02,코소보,3
2023,02,그레나다,2
2023,02,니제르,2
2023,02,레소토,2
2023,02,리히텐슈타인,2
2023,02,벨리즈,2
2023,02,보스니아-헤르체고비나,2
2023,02,북마케도니아,2
2023,02,상투메프린시페,2
2023,02,세인트루시아,2
2023,02,세인트크리스토퍼네비스,2
2023,02,아이슬란드,2
2023,02,에리트레아,2
2023,02,적도기니,2
2023,02,몬테네그로,1
2023,02,바누아투,1
2023,02,바하마,1
2023,02,부탄,1
2023,02,산마리노,1
2023,02,세르비아몬테네그로,1
2023,02,세이셸,1
2023,02,스발바르,1
2023,02,앤티카바부다,1
2023,02,유고슬라비아,1
2023,02,카보베르데,1
2023,03,태국,173099
2023,03,미국,91745
2023,03,중국,75439
2023,03,베트남,46166
2023,03,몽골,26782
2023,03,일본,19278
2023,03,타이완,18105
2023,03,필리핀,14608
2023,03,카자흐스탄,13371
2023,03,러시아(연방),13311
2023,03,한국계중국인,11406
2023,03,싱가포르,9325
2023,03,인도네시아,7391
2023,03,캐나다,7174
2023,03,오스트레일리아,6834
2023,03,홍콩,6555
2023,03,말레이시아,6314
2023,03,우즈베키스탄,5903
2023,03,독일,4283
2023,03,네팔,4162
2023,03,방글라데시,3964
2023,03,영국,3857
2023,03,프랑스,3747
2023,03,캄보디아,3337
2023,03,인도,2821
2023,03,파키스탄,2531
2023,03,미얀마,2278
2023,03,스리랑카,2021
2023,03,뉴질랜드,1468
2023,03,타지키스탄,1143
2023,03,튀르키예,1101
2023,03,라오스,1003
2023,03,이탈리아,1001
2023,03,브라질,986
2023,03,스페인,959
2023,03,키르기즈,946
2023,03,네덜란드,883
2023,03,이란,789
2023,03,멕시코,779
2023,03,스위스,671
2023,03,덴마크,622
2023,03,스웨덴,585
2023,03,폴란드,550
2023,03,이스라엘,520
2023,03,노르웨이,486
2023,03,페루,459
2023,03,벨기에,420
2023,03,아르헨티나,392
2023,03,나이지리아,390
2023,03,남아프리카공화국,374
2023,03,이집트,371
2023,03,오스트리아,359
2023,03,가나,334
2023,03,티모르민주공화국,300
2023,03,우크라이나,295
2023,03,아일랜드,286
2023,03,핀란드,283
2023,03,루마니아,272
2023,03,아랍에미리트연합,236
2023,03,모로코,232
2023,03,콜롬비아,229
2023,03,칠레,212
2023,03,체코,211
2023,03,마카오,207
2023,03,포르투갈,204
2023,03,그리스,188
2023,03,헝가리,182
2023,03,이라크,167
2023,03,파라과이,137
2023,03,리비아,131
2023,03,리투아니아,124
2023,03,영국외지민,120
2023,03,투르크메니스탄,117
2023,03,에콰도르,115
2023,03,요르단,107
2023,03,튀니지,107
2023,03,슬로바크,104
2023,03,불가리아,102
2023,03,에스토니아,86
2023,03,시리아,84
2023,03,에티오피아,83
2023,03,케냐,82
2023,03,사우디아라비아,80
2023,03,베네수엘라,73
2023,03,브루나이,72
2023,03,과테말라,71
2023,03,크로아티아,71
2023,03,라트비아,70
2023,03,도미니카공화국,69
2023,03,르완다,63
2023,03,벨라루스,61
2023,03,코스타리카,61
2023,03,라이베리아,60
2023,03,카메룬,56
2023,03,아프가니스탄,55
2023,03,수단,53
2023,03,우간다,53
2023,03,아제르바이잔,48
2023,03,알제리,47
2023,03,세르비아,44
2023,03,코트디부아르,42
2023,03,룩셈부르크,40
2023,03,온두라스,40
2023,03,피지,39
2023,03,국제연합,38
2023,03,부룬디,38
2023,03,슬로베니아,38
2023,03,예멘공화국,37
2023,03,우루과이,36
2023,03,조지아,36
2023,03,탄자니아,32
2023,03,무국적,31
2023,03,파나마,31
2023,03,몰타,30
2023,03,볼리비아,29
2023,03,알바니아,28
2023,03,키프로스,28
2023,03,짐바브웨,26
2023,03,말리,23
2023,03,앙골라,21
2023,03,자메이카,21
2023,03,콩고민주공화국,21
2023,03,쿠웨이트,21
2023,03,가봉,19
2023,03,세네갈,19
2023,03,잠비아,18
2023,03,레바논,17
2023,03,카타르,16
2023,03,니카라과,15
2023,03,마샬군도,15
2023,03,몰도바,15
2023,03,모리셔스,14
2023,03,홍콩거주난민,14
2023,03,시에라리온,13
2023,03,아이티,13
2023,03,엘살바도르,13
2023,03,마다가스카르,12
2023,03,미등록국가,12
2023,03,미이크로네시아,12
2023,03,세인트크리스토퍼네비스,12
2023,03,아르메니아,12
2023,03,파푸아뉴기니,12
2023,03,팔레스타인,12
2023,03,부르키나파소,11
2023,03,기니,10
2023,03,콩고,10
2023,03,감비아,9
2023,03,북마케도니아,9
2023,03,모잠비크,8
2023,03,베냉,8
2023,03,아이슬란드,8
2023,03,오만,8
2023,03,도미니카연방,7
2023,03,바레인,7
2023,03,자이르,7
2023,03,트리니다드토바고,7
2023,03,팔라우,7
2023,03,기니비사우,6
2023,03,나미비아,6
2023,03,부탄,6
2023,03,사모아,6
2023,03,투발루,6
2023,03,말라위,5
2023,03,몬테네그로,5
2023,03,보스니아-헤르체고비나,5
2023,03,에스와티니,5
2023,03,코모로,5
2023,03,토고,5
2023,03,통가,5
2023,03,모리타니,4
2023,03,바하마,4
2023,03,보츠와나,4
2023,03,소말리아,4
2023,03,수리남,4
2023,03,앤티카바부다,4
2023,03,에리트레아,4
2023,03,중앙아프리카공화국,4
2023,03,쿠바,4
2023,03,가이아나,3
2023,03,그레나다,3
2023,03,나우루,3
2023,03,니제르,3
2023,03,벨리즈,3
2023,03,솔로몬군도,3
2023,03,지부티,3
2023,03,레소토,2
2023,03,리히텐슈타인,2
2023,03,몰디브,2
2023,03,바누아투,2
2023,03,바베이도스,2
2023,03,상투메프린시페,2
2023,03,적도기니,2
2023,03,카보베르데,2
2023,03,코소보,2
2023,03,키리바시,2
2023,03,모나코,1
2023,03,산마리노,1
2023,03,세르비아몬테네그로,1
2023,03,세이셸,1
2023,03,세인트루시아,1
2023,03,세인트빈센트그레나딘,1
2023,03,스발바르,1
2023,03,안도라,1
2023,03,영국외지시민,1
2023,03,유고슬라비아,1
2023,04,태국,171432
2023,04,미국,91986
2023,04,중국,89506
2023,04,베트남,50644
2023,04,몽골,25897
2023,04,일본,17407
2023,04,필리핀,14068
2023,04,러시아(연방),13957
2023,04,카자흐스탄,13063
2023,04,한국계중국인,11884
2023,04,타이완,9520
2023,04,캐나다,8197
2023,04,인도네시아,7358
2023,04,말레이시아,6983
2023,04,싱가포르,6352
2023,04,오스트레일리아,6244
2023,04,프랑스,6008
2023,04,우즈베키스탄,5334
2023,04,네팔,4002
2023,04,방글라데시,3711
2023,04,독일,3364
2023,04,홍콩,3122
2023,04,영국,3104
2023,04,캄보디아,2684
2023,04,인도,2566
2023,04,파키스탄,2449
2023,04,미얀마,1905
2023,04,스리랑카,1838
2023,04,네덜란드,1729
2023,04,뉴질랜드,1535
2023,04,라오스,1289
2023,04,타지키스탄,1235
2023,04,튀르키예,1128
2023,04,브라질,1033
2023,04,폴란드,1018
2023,04,이탈리아,988
2023,04,키르기즈,907
2023,04,스위스,802
2023,04,이란,746
2023,04,스페인,722
2023,04,멕시코,659
2023,04,벨기에,524
2023,04,페루,476
2023,04,이스라엘,459
2023,04,사우디아라비아,447
2023,04,스웨덴,446
2023,04,남아프리카공화국,410
2023,04,나이지리아,379
2023,04,아르헨티나,357
2023,04,이집트,357
2023,04,가나,335
2023,04,아랍에미리트연합,323
2023,04,덴마크,306
2023,04,오스트리아,281
2023,04,우크라이나,242
2023,04,모로코,233
2023,04,칠레,232
2023,04,아일랜드,226
2023,04,콜롬비아,218
2023,04,노르웨이,217
2023,04,핀란드,207
2023,04,체코,203
2023,04,루마니아,200
2023,04,티모르민주공화국,199
2023,04,포르투갈,199
2023,04,헝가리,190
2023,04,리비아,184
2023,04,마카오,150
2023,04,불가리아,143
2023,04,이라크,133
2023,04,파라과이,133
2023,04,그리스,121
2023,04,에콰도르,119
2023,04,튀니지,112
2023,04,브루나이,104
2023,04,투르크메니스탄,99
2023,04,요르단,84
2023,04,케냐,81
2023,04,리투아니아,75
2023,04,에티오피아,71
2023,04,슬로바크,69
2023,04,라트비아,67
2023,04,쿠웨이트,67
2023,04,영국외지민,66
2023,04,과테말라,65
2023,04,베네수엘라,65
2023,04,세르비아,64
2023,04,라이베리아,62
2023,04,시리아,61
2023,04,알제리,61
2023,04,크로아티아,61
2023,04,벨라루스,60
2023,04,조지아,59
2023,04,코스타리카,58
2023,04,도미니카공화국,55
2023,04,에스토니아,55
2023,04,아프가니스탄,51
2023,04,카메룬,51
2023,04,카타르,51
2023,04,우간다,50
2023,04,아제르바이잔,46
2023,04,코트디부아르,44
2023,04,슬로베니아,40
2023,04,예멘공화국,40
2023,04,탄자니아,40
2023,04,수단,39
2023,04,온두라스,39
2023,04,말라위,35
2023,04,알바니아,35
2023,04,국제연합,34
2023,04,룩셈부르크,34
2023,04,무국적,32
2023,04,파나마,32
2023,04,우루과이,31
2023,04,바레인,29
2023,04,피지,29
2023,04,르완다,26
2023,04,볼리비아,25
2023,04,부룬디,25
2023,04,자메이카,25
2023,04,콩고민주공화국,25
2023,04,짐바브웨,24
2023,04,말리,23
2023,04,오만,23
2023,04,키프로스,23
2023,04,시에라리온,22
2023,04,잠비아,22
2023,04,몰타,20
2023,04,엘살바도르,20
2023,04,모리셔스,19
2023,04,니카라과,18
2023,04,레바논,18
2023,04,마샬군도,17
2023,04,미이크로네시아,16
2023,04,세네갈,16
2023,04,몰도바,15
2023,04,아르메니아,15
2023,04,아이슬란드,15
2023,04,아이티,14
2023,04,북마케도니아,13
2023,04,트리니다드토바고,13
2023,04,홍콩거주난민,13
2023,04,가봉,12
2023,04,바누아투,12
2023,04,사모아,12
2023,04,세인트크리스토퍼네비스,12
2023,04,통가,12
2023,04,파푸아뉴기니,12
2023,04,팔레스타인,12
2023,04,기니,11
2023,04,보스니아-헤르체고비나,10
2023,04,콩고,10
2023,04,팔라우,10
2023,04,감비아,9
2023,04,모잠비크,9
2023,04,부르키나파소,9
2023,04,도미니카연방,8
2023,04,마다가스카르,8
2023,04,몰디브,8
2023,04,미등록국가,8
2023,04,베냉,8
2023,04,보츠와나,7
2023,04,안도라,7
2023,04,앙골라,7
2023,04,자이르,7
2023,04,토고,7
2023,04,기니비사우,6
2023,04,모리타니,6
2023,04,몬테네그로,6
2023,04,바하마,6
2023,04,부탄,6
2023,04,소말리아,5
2023,04,수리남,5
2023,04,에스와티니,5
2023,04,중앙아프리카공화국,5
2023,04,쿠바,5
2023,04,투발루,5
2023,04,벨리즈,4
2023,04,솔로몬군도,4
2023,04,앤티카바부다,4
2023,04,코소보,4
2023,04,그레나다,3
2023,04,나우루,3
2023,04,지부티,3
2023,04,나미비아,2
2023,04,니제르,2
2023,04,레소토,2
2023,04,상투메프린시페,2
2023,04,세인트빈센트그레나딘,2
2023,04,에리트레아,2
2023,04,적도기니,2
2023,04,코모로,2
2023,04,가이아나,1
2023,04,리히텐슈타인,1
2023,04,바베이도스,1
2023,04,산마리노,1
2023,04,세르비아몬테네그로,1
2023,04,세이셸,1
2023,04,세인트루시아,1
2023,04,스발바르,1
2023,04,유고슬라비아,1
2023,04,카보베르데,1
2023,04,키리바시,1
2023,05,태국,167333
2023,05,미국,96781
2023,05,중국,83948
2023,05,베트남,46181
2023,05,몽골,25239
2023,05,러시아(연방),13964
2023,05,일본,13773
2023,05,카자흐스탄,13179
2023,05,필리핀,13140
2023,05,한국계중국인,11572
2023,05,타이완,9596
2023,05,싱가포르,8850
2023,05,인도네시아,7561
2023,05,말레이시아,7374
2023,05,캐나다,7099
2023,05,오스트레일리아,5880
2023,05,우즈베키스탄,5270
2023,05,홍콩,4337
2023,05,네팔,4325
2023,05,독일,3986
2023,05,프랑스,3980
2023,05,방글라데시,3945
2023,05,인도,3307
2023,05,캄보디아,2902
2023,05,영국,2882
2023,05,파키스탄,2431
2023,05,미얀마,2153
2023,05,스리랑카,1867
2023,05,라오스,1709
2023,05,뉴질랜드,1459
2023,05,튀르키예,1261
2023,05,타지키스탄,1213
2023,05,네덜란드,1179
2023,05,브라질,1037
2023,05,키르기즈,970
2023,05,이탈리아,900
2023,05,스페인,876
2023,05,이란,788
2023,05,멕시코,713
2023,05,폴란드,670
2023,05,스위스,597
2023,05,페루,527
2023,05,이스라엘,490
2023,05,스웨덴,473
2023,05,벨기에,410
2023,05,나이지리아,390
2023,05,이집트,385
2023,05,사우디아라비아,358
2023,05,남아프리카공화국,354
2023,05,가나,350
2023,05,아랍에미리트연합,348
2023,05,덴마크,340
2023,05,아르헨티나,330
2023,05,루마니아,278
2023,05,우크라이나,278
2023,05,아일랜드,276
2023,05,오스트리아,275
2023,05,노르웨이,263
2023,05,리비아,263
2023,05,모로코,250
2023,05,핀란드,247
2023,05,티모르민주공화국,241
2023,05,콜롬비아,233
2023,05,마카오,227
2023,05,칠레,195
2023,05,포르투갈,182
2023,05,체코,163
2023,05,파라과이,157
2023,05,이라크,151
2023,05,요르단,128
2023,05,그리스,127
2023,05,투르크메니스탄,121
2023,05,헝가리,120
2023,05,에콰도르,110
2023,05,튀니지,109
2023,05,브루나이,105
2023,05,케냐,103
2023,05,시리아,102
2023,05,알제리,91
2023,05,불가리아,81
2023,05,크로아티아,75
2023,05,리투아니아,73
2023,05,우간다,72
2023,05,코트디부아르,72
2023,05,과테말라,71
2023,05,도미니카공화국,71
2023,05,베네수엘라,71
2023,05,코스타리카,69
2023,05,영국외지민,66
2023,05,카메룬,64
2023,05,쿠웨이트,62
2023,05,에스토니아,61
2023,05,슬로바크,60
2023,05,카타르,60
2023,05,피지,59
2023,05,라이베리아,56
2023,05,라트비아,56
2023,05,아프가니스탄,51
2023,05,알바니아,51
2023,05,조지아,50
2023,05,벨라루스,49
2023,05,아제르바이잔,49
2023,05,에티오피아,49
2023,05,아이슬란드,48
2023,05,국제연합,47
2023,05,탄자니아,43
2023,05,세르비아,42
2023,05,예멘공화국,41
2023,05,온두라스,41
2023,05,룩셈부르크,40
2023,05,세네갈,39
2023,05,수단,39
2023,05,파푸아뉴기니,39
2023,05,레바논,37
2023,05,슬로베니아,36
2023,05,오만,35
2023,05,무국적,32
2023,05,키프로스,32
2023,05,앙골라,31
2023,05,우루과이,31
2023,05,볼리비아,29
2023,05,짐바브웨,29
2023,05,자메이카,26
2023,05,콩고민주공화국,25
2023,05,마샬군도,23
2023,05,말리,23
2023,05,가봉,22
2023,05,잠비아,22
2023,05,르완다,21
2023,05,팔라우,21
2023,05,모리셔스,20
2023,05,모잠비크,20
2023,05,통가,19
2023,05,파나마,19
2023,05,시에라리온,17
2023,05,팔레스타인,17
2023,05,니카라과,16
2023,05,몰타,16
2023,05,미이크로네시아,16
2023,05,사모아,16
2023,05,엘살바도르,16
2023,05,쿠바,16
2023,05,부탄,15
2023,05,세인트크리스토퍼네비스,15
2023,05,바레인,14
2023,05,보스니아-헤르체고비나,14
2023,05,부르키나파소,13
2023,05,홍콩거주난민,13
2023,05,나우루,12
2023,05,몰도바,12
2023,05,아르메니아,12
2023,05,아이티,12
2023,05,트리니다드토바고,12
2023,05,말라위,11
2023,05,감비아,10
2023,05,기니,10
2023,05,몬테네그로,10
2023,05,바하마,10
2023,05,콩고,10
2023,05,국적불명,9
2023,05,베냉,8
2023,05,에스와티니,8
2023,05,키리바시,8
2023,05,도미니카연방,7
2023,05,보츠와나,7
2023,05,부룬디,7
2023,05,자이르,7
2023,05,토고,7
2023,05,마다가스카르,6
2023,05,몰디브,6
2023,05,투발루,6
2023,05,모리타니,5
2023,05,바누아투,5
2023,05,바베이도스,5
2023,05,소말리아,5
2023,05,솔로몬군도,5
2023,05,코모로,5
2023,05,코소보,5
2023,05,기니비사우,4
2023,05,북마케도니아,4
2023,05,수리남,4
2023,05,에리트레아,4
2023,05,중앙아프리카공화국,4
2023,05,지부티,4
2023,05,가이아나,3
2023,05,나미비아,3
2023,05,니제르,3
2023,05,산마리노,3
2023,05,상투메프린시페,3
2023,05,세인트루시아,3
2023,05,적도기니,3
2023,05,레소토,2
2023,05,리히텐슈타인,2
2023,05,벨리즈,2
2023,05,남수단공화국,1
2023,05,세르비아몬테네그로,1
2023,05,세이셸,1
2023,05,세인트빈센트그레나딘,1
2023,05,스발바르,1
2023,05,안도라,1
2023,05,유고슬라비아,1
2023,05,차드,1
2023,05,카보베르데,1
2023,06,가나,336
2023,06,가봉,19
2023,06,가이아나,1
2023,06,감비아,9
2023,06,과테말라,75
2023,06,국적불명,8
2023,06,국제연합,19
2023,06,국제연합 전문기구,9
2023,06,그레나다,7
2023,06,그리스,143
2023,06,기니,11
2023,06,기니비사우,3
2023,06,나미비아,7
2023,06,나우루,3
2023,06,나이지리아,378
2023,06,남수단공화국,1
2023,06,남아프리카공화국,432
2023,06,네덜란드,756
2023,06,네팔,4304
2023,06,노르웨이,553
2023,06,뉴질랜드,1442
2023,06,니제르,2
2023,06,니카라과,14
2023,06,덴마크,375
2023,06,도미니카공화국,67
2023,06,도미니카연방,17
2023,06,독일,2778
2023,06,라오스,1365
2023,06,라이베리아,57
2023,06,라트비아,43
2023,06,러시아(연방),14906
2023,06,레바논,31
2023,06,레소토,3
2023,06,루마니아,169
2023,06,룩셈부르크,22
2023,06,르완다,42
2023,06,리비아,186
2023,06,리투아니아,84
2023,06,리히텐슈타인,2
2023,06,마다가스카르,14
2023,06,마샬군도,17
2023,06,마카오,458
2023,06,말라위,6
2023,06,말레이시아,5718
2023,06,말리,26
2023,06,멕시코,710
2023,06,모로코,204
2023,06,모리셔스,30
2023,06,모리타니,4
2023,06,모잠비크,29
2023,06,몬테네그로,4
2023,06,몰도바,11
2023,06,몰디브,5
2023,06,몰타,15
2023,06,몽골,27180
2023,06,무국적,34
2023,06,미국,105972
2023,06,미얀마,2601
2023,06,미이크로네시아,14
2023,06,바누아투,7
2023,06,바레인,8
2023,06,바베이도스,1
2023,06,바하마,1
2023,06,방글라데시,3636
2023,06,베냉,10
2023,06,베네수엘라,79
2023,06,베트남,47530
2023,06,벨기에,382
2023,06,벨라루스,69
2023,06,벨리즈,3
2023,06,보스니아-헤르체고비나,7
2023,06,보츠와나,9
2023,06,볼리비아,32
2023,06,부룬디,10
2023,06,부르키나파소,13
2023,06,부탄,14
2023,06,북마케도니아,6
2023,06,불가리아,85
2023,06,브라질,968
2023,06,브루나이,63
2023,06,사모아,7
2023,06,사우디아라비아,804
2023,06,산마리노,1
2023,06,상투메프린시페,3
2023,06,세네갈,22
2023,06,세르비아,62
2023,06,세르비아몬테네그로,1
2023,06,세이셸,2
2023,06,세인트루시아,5
2023,06,세인트크리스토퍼네비스,23
2023,06,소말리아,4
2023,06,솔로몬군도,1
2023,06,수단,31
2023,06,수리남,4
2023,06,스리랑카,1912
2023,06,스발바르,1
2023,06,스웨덴,868
2023,06,스위스,516
2023,06,스페인,831
2023,06,슬로바크,80
2023,06,슬로베니아,73
2023,06,시리아,76
2023,06,시에라리온,14
2023,06,싱가포르,5829
2023,06,아랍에미리트연합,482
2023,06,아르메니아,14
2023,06,아르헨티나,312
2023,06,아이슬란드,34
2023,06,아이티,10
2023,06,아일랜드,267
2023,06,아제르바이잔,63
2023,06,아프가니스탄,49
2023,06,안도라,1
2023,06,알바니아,44
2023,06,알제리,54
2023,06,앙골라,10
2023,06,에리트레아,2
2023,06,에스와티니,6
2023,06,에스토니아,43
2023,06,에콰도르,97
2023,06,에티오피아,66
2023,06,엘살바도르,20
2023,06,영국,2862
2023,06,영국외지민,85
2023,06,예멘공화국,37
2023,06,오만,19
2023,06,오스트레일리아,6076
2023,06,오스트리아,233
2023,06,온두라스,40
2023,06,요르단,150
2023,06,우간다,71
2023,06,우루과이,29
2023,06,우즈베키스탄,5377
2023,06,우크라이나,263
2023,06,유고슬라비아,1
2023,06,이라크,176
2023,06,이란,768
2023,06,이스라엘,273
2023,06,이집트,374
2023,06,이탈리아,874
2023,06,인도,2914
2023,06,인도네시아,8203
2023,06,일본,19726
2023,06,자메이카,23
2023,06,자이르,7
2023,06,잠비아,23
2023,06,적도기니,2
2023,06,조지아,40
2023,06,중국,91124
2023,06,중앙아프리카공화국,7
2023,06,지부티,3
2023,06,짐바브웨,36
2023,06,체코,230
2023,06,칠레,171
2023,06,카메룬,54
2023,06,카보베르데,1
2023,06,카자흐스탄,13327
2023,06,카타르,67
2023,06,캄보디아,2899
2023,06,캐나다,6789
2023,06,케냐,95
2023,06,코모로,4
2023,06,코소보,3
2023,06,코스타리카,86
2023,06,코트디부아르,83
2023,06,콜롬비아,271
2023,06,콩고,11
2023,06,콩고민주공화국,45
2023,06,쿠바,4
2023,06,쿠웨이트,109
2023,06,크로아티아,55
2023,06,키르기즈,1061
2023,06,키리바시,2
2023,06,키프로스,25
2023,06,태국,166154
2023,06,타이완,16069
2023,06,타지키스탄,1183
2023,06,탄자니아,46
2023,06,토고,8
2023,06,통가,19
2023,06,투르크메니스탄,144
2023,06,투발루,2
2023,06,튀니지,113
2023,06,튀르키예,1463
2023,06,트리니다드토바고,10
2023,06,티모르민주공화국,266
2023,06,파나마,21
2023,06,파라과이,152
2023,06,파키스탄,2493
2023,06,파푸아뉴기니,14
2023,06,팔라우,13
2023,06,팔레스타인,14
2023,06,페루,487
2023,06,포르투갈,221
2023,06,폴란드,619
2023,06,프랑스,3270
2023,06,피지,40
2023,06,핀란드,249
2023,06,필리핀,13208
2023,06,한국계중국인,10617
2023,06,헝가리,136
2023,06,홍콩,6095
2023,06,홍콩거주난민,13
2023,07,가나,343
2023,07,가봉,16
2023,07,가이아나,12
2023,07,감비아,19
2023,07,과테말라,85
2023,07,국적불명,15
2023,07,국제연합,31
2023,07,국제연합 전문기구,6
2023,07,그레나다,7
2023,07,그리스,136
2023,07,기니,19
2023,07,기니비사우,4
2023,07,나미비아,32
2023,07,나우루,3
2023,07,나이지리아,398
2023,07,남수단공화국,6
2023,07,남아프리카공화국,449
2023,07,네덜란드,3495
2023,07,네팔,4410
2023,07,노르웨이,925
2023,07,뉴질랜드,1171
2023,07,니제르,4
2023,07,니카라과,23
2023,07,덴마크,792
2023,07,도미니카공화국,51
2023,07,도미니카연방,14
2023,07,독일,5324
2023,07,라오스,1086
2023,07,라이베리아,69
2023,07,라트비아,51
2023,07,러시아(연방),15217
2023,07,레바논,41
2023,07,레소토,12
2023,07,루마니아,283
2023,07,룩셈부르크,88
2023,07,르완다,42
2023,07,리비아,246
2023,07,리투아니아,73
2023,07,리히텐슈타인,72
2023,07,마다가스카르,30
2023,07,마샬군도,17
2023,07,마카오,711
2023,07,말라위,14
2023,07,말레이시아,4528
2023,07,말리,23
2023,07,멕시코,1350
2023,07,모나코,3
2023,07,모로코,241
2023,07,모리셔스,61
2023,07,모리타니,4
2023,07,모잠비크,19
2023,07,몬테네그로,21
2023,07,몰도바,24
2023,07,몰디브,230
2023,07,몰타,96
2023,07,몽골,25582
2023,07,무국적,38
2023,07,미국,94823
2023,07,미얀마,2770
2023,07,미이크로네시아,14
2023,07,바누아투,7
2023,07,바레인,25
2023,07,바베이도스,1
2023,07,바하마,1
2023,07,방글라데시,4113
2023,07,베냉,20
2023,07,베네수엘라,100
2023,07,베트남,44720
2023,07,벨기에,1703
2023,07,벨라루스,65
2023,07,벨리즈,19
2023,07,보스니아-헤르체고비나,5
2023,07,보츠와나,3
2023,07,볼리비아,85
2023,07,부룬디,23
2023,07,부르키나파소,20
2023,07,부탄,8
2023,07,북마케도니아,50
2023,07,불가리아,83
2023,07,브라질,1922
2023,07,브루나이,107
2023,07,사모아,6
2023,07,사우디아라비아,795
2023,07,산마리노,14
2023,07,상투메프린시페,11
2023,07,세네갈,32
2023,07,세르비아,62
2023,07,세르비아몬테네그로,1
2023,07,세이셸,2
2023,07,세인트루시아,5
2023,07,세인트빈센트그레나딘,13
2023,07,세인트크리스토퍼네비스,10
2023,07,소말리아,8
2023,07,솔로몬군도,2
2023,07,수단,28
2023,07,수리남,7
2023,07,스리랑카,1993
2023,07,스발바르,1
2023,07,스웨덴,2551
2023,07,스위스,2211
2023,07,스페인,1495
2023,07,슬로바크,171
2023,07,슬로베니아,364
2023,07,시리아,94
2023,07,시에라리온,14
2023,07,싱가포르,2594
2023,07,아랍에미리트연합,600
2023,07,아르메니아,29
2023,07,아르헨티나,385
2023,07,아이슬란드,160
2023,07,아이티,17
2023,07,아일랜드,506
2023,07,아제르바이잔,229
2023,07,아프가니스탄,62
2023,07,안도라,2
2023,07,알바니아,38
2023,07,알제리,75
2023,07,앙골라,86
2023,07,앤티카바부다,8
2023,07,에리트레아,2
2023,07,에스와티니,5
2023,07,에스토니아,73
2023,07,에콰도르,372
2023,07,에티오피아,92
2023,07,엘살바도르,59
2023,07,영국,7567
2023,07,영국외지민,80
2023,07,예멘공화국,31
2023,07,오만,69
2023,07,오스트레일리아,4890
2023,07,오스트리아,844
2023,07,온두라스,64
2023,07,요르단,183
2023,07,우간다,97
2023,07,우루과이,43
2023,07,우즈베키스탄,5828
2023,07,우크라이나,320
2023,07,유고슬라비아,1
2023,07,이라크,168
2023,07,이란,759
2023,07,이스라엘,263
2023,07,이집트,501
2023,07,이탈리아,1304
2023,07,인도,2896
2023,07,인도네시아,6223
2023,07,일본,18396
2023,07,자메이카,28
2023,07,자이르,7
2023,07,잠비아,16
2023,07,적도기니,2
2023,07,조지아,33
2023,07,중국,111592
2023,07,중앙아프리카공화국,7
2023,07,지부티,3
2023,07,짐바브웨,32
2023,07,차드,10
2023,07,체코,427
2023,07,칠레,1173
2023,07,카메룬,72
2023,07,카보베르데,11
2023,07,카자흐스탄,13936
2023,07,카타르,121
2023,07,캄보디아,3127
2023,07,캐나다,8134
2023,07,케냐,98
2023,07,코모로,2
2023,07,코소보,2
2023,07,코스타리카,61
2023,07,코트디부아르,91
2023,07,콜롬비아,412
2023,07,콩고,20
2023,07,콩고민주공화국,53
2023,07,쿠바,10
2023,07,쿠웨이트,96
2023,07,크로아티아,61
2023,07,키르기즈,1123
2023,07,키프로스,48
2023,07,태국,165602
2023,07,타이완,15149
2023,07,타지키스탄,1086
2023,07,탄자니아,60
2023,07,토고,16
2023,07,통가,7
2023,07,투르크메니스탄,167
2023,07,투발루,1
2023,07,튀니지,178
2023,07,튀르키예,1136
2023,07,트리니다드토바고,35
2023,07,티모르민주공화국,330
2023,07,파나마,76
2023,07,파라과이,198
2023,07,파키스탄,2417
2023,07,파푸아뉴기니,23
2023,07,팔라우,8
2023,07,팔레스타인,18
2023,07,페루,607
2023,07,포르투갈,784
2023,07,폴란드,1131
2023,07,프랑스,4736
2023,07,피지,29
2023,07,핀란드,1014
2023,07,필리핀,11843
2023,07,한국계중국인,11943
2023,07,헝가리,309
2023,07,홍콩,7811
2023,07,홍콩거주난민,13
2023,08,가나,361
2023,08,가봉,19
2023,08,가이아나,5
2023,08,감비아,10
2023,08,과테말라,79
2023,08,국적불명,10
2023,08,국제연합,43
2023,08,국제연합 전문기구,28
2023,08,그레나다,2
2023,08,그리스,141
2023,08,기니,16
2023,08,기니비사우,4
2023,08,나미비아,3
2023,08,나우루,4
2023,08,나이지리아,408
2023,08,남수단공화국,4
2023,08,남아프리카공화국,379
2023,08,네덜란드,1431
2023,08,네팔,4709
2023,08,노르웨이,295
2023,08,뉴질랜드,1269
2023,08,니제르,2
2023,08,니카라과,20
2023,08,덴마크,442
2023,08,도미니카공화국,60
2023,08,도미니카연방,17
2023,08,독일,5610
2023,08,라오스,1200
2023,08,라이베리아,86
2023,08,라트비아,63
2023,08,러시아(연방),14256
2023,08,레바논,27
2023,08,레소토,14
2023,08,루마니아,260
2023,08,룩셈부르크,75
2023,08,르완다,58
2023,08,리비아,208
2023,08,리투아니아,127
2023,08,리히텐슈타인,4
2023,08,마다가스카르,27
2023,08,마샬군도,20
2023,08,마카오,355
2023,08,말라위,11
2023,08,말레이시아,7901
2023,08,말리,24
2023,08,멕시코,863
2023,08,모나코,4
2023,08,모로코,304
2023,08,모리셔스,22
2023,08,모리타니,5
2023,08,모잠비크,10
2023,08,몬테네그로,5
2023,08,몰도바,29
2023,08,몰디브,4
2023,08,몰타,17
2023,08,몽골,22675
2023,08,무국적,36
2023,08,미국,88123
2023,08,미얀마,3177
2023,08,미이크로네시아,17
2023,08,바누아투,15
2023,08,바레인,16
2023,08,바베이도스,4
2023,08,바하마,1
2023,08,방글라데시,3666
2023,08,베냉,12
2023,08,베네수엘라,76
2023,08,베트남,48173
2023,08,벨기에,553
2023,08,벨라루스,74
2023,08,벨리즈,8
2023,08,보스니아-헤르체고비나,3
2023,08,보츠와나,10
2023,08,볼리비아,52
2023,08,부룬디,59
2023,08,부르키나파소,17
2023,08,부탄,18
2023,08,북마케도니아,4
2023,08,불가리아,101
2023,08,브라질,1056
2023,08,브루나이,200
2023,08,사모아,8
2023,08,사우디아라비아,299
2023,08,산마리노,1
2023,08,상투메프린시페,2
2023,08,세네갈,37
2023,08,세르비아,44
2023,08,세르비아몬테네그로,1
2023,08,세이셸,1
2023,08,세인트루시아,2
2023,08,세인트크리스토퍼네비스,26
2023,08,소말리아,8
2023,08,솔로몬군도,3
2023,08,수단,39
2023,08,수리남,6
2023,08,스리랑카,2021
2023,08,스발바르,1
2023,08,스웨덴,617
2023,08,스위스,782
2023,08,스페인,1632
2023,08,슬로바크,118
2023,08,슬로베니아,56
2023,08,시리아,108
2023,08,시에라리온,18
2023,08,싱가포르,3768
2023,08,아랍에미리트연합,362
2023,08,아르메니아,16
2023,08,아르헨티나,324
2023,08,아이슬란드,21
2023,08,아이티,8
2023,08,아일랜드,232
2023,08,아제르바이잔,133
2023,08,아프가니스탄,57
2023,08,안도라,1
2023,08,알바니아,55
2023,08,알제리,67
2023,08,앙골라,20
2023,08,앤티카바부다,3
2023,08,에리트레아,2
2023,08,에스와티니,9
2023,08,에스토니아,46
2023,08,에콰도르,138
2023,08,에티오피아,119
2023,08,엘살바도르,22
2023,08,영국,3183
2023,08,영국외지민,90
2023,08,영국해외영토시민,1
2023,08,예멘공화국,44
2023,08,오만,23
2023,08,오스트레일리아,5234
2023,08,오스트리아,568
2023,08,온두라스,41
2023,08,요르단,137
2023,08,우간다,152
2023,08,우루과이,23
2023,08,우즈베키스탄,5686
2023,08,우크라이나,271
2023,08,유고슬라비아,1
2023,08,이라크,222
2023,08,이란,817
2023,08,이스라엘,409
2023,08,이집트,420
2023,08,이탈리아,1645
2023,08,인도,3330
2023,08,인도네시아,7633
2023,08,일본,23537
2023,08,자메이카,24
2023,08,자이르,7
2023,08,잠비아,26
2023,08,적도기니,4
2023,08,조지아,42
2023,08,중국,102555
2023,08,중앙아프리카공화국,7
2023,08,지부티,3
2023,08,짐바브웨,44
2023,08,체코,314
2023,08,칠레,226
2023,08,카메룬,78
2023,08,카보베르데,1
2023,08,카자흐스탄,13574
2023,08,카타르,36
2023,08,캄보디아,3330
2023,08,캐나다,5931
2023,08,케냐,110
2023,08,코모로,1
2023,08,코소보,5
2023,08,코스타리카,63
2023,08,코트디부아르,82
2023,08,콜롬비아,246
2023,08,콩고,18
2023,08,콩고민주공화국,36
2023,08,쿠바,11
2023,08,쿠웨이트,152
2023,08,크로아티아,63
2023,08,키르기즈,1359
2023,08,키리바시,1
2023,08,키프로스,25
2023,08,타이,163002
2023,08,타이완,14397
2023,08,타지키스탄,929
2023,08,탄자니아,90
2023,08,토고,7
2023,08,통가,5
2023,08,투르크메니스탄,176
2023,08,튀니지,105
2023,08,튀르키예,1372
2023,08,트리니다드토바고,12
2023,08,티모르민주공화국,341
2023,08,파나마,33
2023,08,파라과이,144
2023,08,파키스탄,2550
2023,08,파푸아뉴기니,13
2023,08,팔라우,13
2023,08,팔레스타인,16
2023,08,페루,516
2023,08,포르투갈,272
2023,08,폴란드,1011
2023,08,프랑스,5541
2023,08,피지,64
2023,08,핀란드,324
2023,08,필리핀,12147
2023,08,한국계중국인,9092
2023,08,헝가리,246
2023,08,홍콩,5388
2023,08,홍콩거주난민,13
2023,09,가나,349
2023,09,가봉,16
2023,09,가이아나,2
2023,09,감비아,8
2023,09,과테말라,81
2023,09,국적불명,12
2023,09,국제연합,18
2023,09,국제연합 전문기구,3
2023,09,그레나다,3
2023,09,그리스,129
2023,09,기니,13
2023,09,기니비사우,3
2023,09,나미비아,1
2023,09,나우루,5
2023,09,나이지리아,393
2023,09,남수단공화국,5
2023,09,남아프리카공화국,538
2023,09,네덜란드,1537
2023,09,네팔,3787
2023,09,노르웨이,356
2023,09,뉴질랜드,2068
2023,09,니제르,2
2023,09,니카라과,18
2023,09,덴마크,484
2023,09,도미니카공화국,56
2023,09,도미니카연방,10
2023,09,독일,6412
2023,09,라오스,1067
2023,09,라이베리아,55
2023,09,라트비아,78
2023,09,러시아(연방),15243
2023,09,레바논,22
2023,09,레소토,4
2023,09,루마니아,223
2023,09,룩셈부르크,28
2023,09,르완다,45
2023,09,리비아,229
2023,09,리투아니아,154
2023,09,리히텐슈타인,1
2023,09,마다가스카르,20
2023,09,마샬군도,22
2023,09,마카오,533
2023,09,말라위,5
2023,09,말레이시아,7939
2023,09,말리,22
2023,09,멕시코,903
2023,09,모나코,2
2023,09,모로코,263
2023,09,모리셔스,32
2023,09,모리타니,5
2023,09,모잠비크,6
2023,09,몬테네그로,8
2023,09,몰도바,12
2023,09,몰디브,1
2023,09,몰타,13
2023,09,몽골,23480
2023,09,무국적,34
2023,09,미국,96269
2023,09,미얀마,3435
2023,09,미이크로네시아,18
2023,09,바누아투,2
2023,09,바레인,12
2023,09,바베이도스,3
2023,09,바하마,2
2023,09,방글라데시,3746
2023,09,베냉,10
2023,09,베네수엘라,82
2023,09,베트남,51552
2023,09,벨기에,715
2023,09,벨라루스,69
2023,09,벨리즈,2
2023,09,보스니아-헤르체고비나,12
2023,09,보츠와나,5
2023,09,볼리비아,27
2023,09,부룬디,96
2023,09,부르키나파소,17
2023,09,부탄,9
2023,09,북마케도니아,7
2023,09,불가리아,143
2023,09,브라질,1195
2023,09,브루나이,118
2023,09,사모아,7
2023,09,사우디아라비아,409
2023,09,산마리노,1
2023,09,상투메프린시페,2
2023,09,세네갈,26
2023,09,세르비아,70
2023,09,세르비아몬테네그로,1
2023,09,세이셸,1
2023,09,세인트루시아,2
2023,09,세인트빈센트그레나딘,1
2023,09,세인트크리스토퍼네비스,6
2023,09,소말리아,8
2023,09,솔로몬군도,4
2023,09,수단,31
2023,09,수리남,19
2023,09,스리랑카,2303
2023,09,스발바르,1
2023,09,스웨덴,674
2023,09,스위스,893
2023,09,스페인,1360
2023,09,슬로바크,77
2023,09,슬로베니아,88
2023,09,시리아,81
2023,09,시에라리온,16
2023,09,싱가포르,6332
2023,09,아랍에미리트연합,297
2023,09,아르메니아,20
2023,09,아르헨티나,366
2023,09,아이슬란드,18
2023,09,아이티,10
2023,09,아일랜드,315
2023,09,아제르바이잔,94
2023,09,아프가니스탄,57
2023,09,안도라,1
2023,09,알바니아,45
2023,09,알제리,73
2023,09,앙골라,16
2023,09,앤티카바부다,5
2023,09,에리트레아,4
2023,09,에스와티니,6
2023,09,에스토니아,59
2023,09,에콰도르,118
2023,09,에티오피아,91
2023,09,엘살바도르,18
2023,09,영국,3591
2023,09,영국외지민,108
2023,09,영국해외영토시민,1
2023,09,예멘공화국,47
2023,09,오만,25
2023,09,오스트레일리아,9184
2023,09,오스트리아,428
2023,09,온두라스,39
2023,09,요르단,143
2023,09,우간다,65
2023,09,우루과이,29
2023,09,우즈베키스탄,6710
2023,09,우크라이나,302
2023,09,유고슬라비아,1
2023,09,이라크,218
2023,09,이란,798
2023,09,이스라엘,935
2023,09,이집트,454
2023,09,이탈리아,1242
2023,09,인도,2856
2023,09,인도네시아,7791
2023,09,일본,18458
2023,09,자메이카,40
2023,09,자이르,7
2023,09,잠비아,20
2023,09,적도기니,2
2023,09,조지아,34
2023,09,중국,130949
2023,09,중앙아프리카공화국,4
2023,09,지부티,3
2023,09,짐바브웨,31
2023,09,체코,224
2023,09,칠레,292
2023,09,카메룬,60
2023,09,카자흐스탄,13701
2023,09,카타르,41
2023,09,캄보디아,3494
2023,09,캐나다,8435
2023,09,케냐,89
2023,09,코모로,1
2023,09,코소보,24
2023,09,코스타리카,73
2023,09,코트디부아르,73
2023,09,콜롬비아,298
2023,09,콩고,17
2023,09,콩고민주공화국,36
2023,09,쿠바,5
2023,09,쿠웨이트,88
2023,09,크로아티아,82
2023,09,키르기즈,1329
2023,09,키프로스,21
2023,09,타이,163230
2023,09,타이완,15682
2023,09,타지키스탄,996
2023,09,탄자니아,66
2023,09,토고,6
2023,09,통가,4
2023,09,투르크메니스탄,208
2023,09,튀니지,144
2023,09,튀르키예,1362
2023,09,트리니다드토바고,16
2023,09,티모르민주공화국,318
2023,09,파나마,40
2023,09,파라과이,153
2023,09,파키스탄,2559
2023,09,파푸아뉴기니,11
2023,09,팔라우,9
2023,09,팔레스타인,14
2023,09,페루,528
2023,09,포르투갈,316
2023,09,폴란드,975
2023,09,프랑스,5760
2023,09,피지,28
2023,09,핀란드,273
2023,09,필리핀,12739
2023,09,한국계중국인,13087
2023,09,헝가리,228
2023,09,홍콩,5514
2023,09,홍콩거주난민,13
2023,10,가나,352
2023,10,가봉,15
2023,10,가이아나,3
2023,10,감비아,6
2023,10,과테말라,79
2023,10,국적불명,13
2023,10,국제연합,28
2023,10,국제연합 전문기구,15
2023,10,그레나다,2
2023,10,그리스,196
2023,10,기니,10
2023,10,기니비사우,3
2023,10,나미비아,4
2023,10,나우루,3
2023,10,나이지리아,388
2023,10,남수단공화국,1
2023,10,남아프리카공화국,306
2023,10,네덜란드,1068
2023,10,네팔,2708
2023,10,노르웨이,374
2023,10,뉴질랜드,1712
2023,10,니제르,4
2023,10,니카라과,22
2023,10,덴마크,491
2023,10,도미니카공화국,69
2023,10,도미니카연방,14
2023,10,독일,4350
2023,10,라오스,1131
2023,10,라이베리아,53
2023,10,라트비아,64
2023,10,러시아(연방),15065
2023,10,레바논,27
2023,10,레소토,2
2023,10,루마니아,433
2023,10,룩셈부르크,26
2023,10,르완다,57
2023,10,리비아,212
2023,10,리투아니아,142
2023,10,리히텐슈타인,4
2023,10,마다가스카르,26
2023,10,마샬군도,21
2023,10,마카오,446
2023,10,말라위,6
2023,10,말레이시아,9822
2023,10,말리,23
2023,10,멕시코,814
2023,10,모나코,2
2023,10,모로코,246
2023,10,모리셔스,20
2023,10,모리타니,5
2023,10,모잠비크,11
2023,10,몬테네그로,4
2023,10,몰도바,40
2023,10,몰디브,9
2023,10,몰타,24
2023,10,몽골,22751
2023,10,무국적,36
2023,10,미국,96929
2023,10,미얀마,2637
2023,10,미이크로네시아,18
2023,10,바누아투,3
2023,10,바레인,27
2023,10,바베이도스,3
2023,10,바하마,2
2023,10,방글라데시,3620
2023,10,베냉,11
2023,10,베네수엘라,70
2023,10,베트남,49115
2023,10,벨기에,701
2023,10,벨라루스,67
2023,10,벨리즈,7
2023,10,보스니아-헤르체고비나,3
2023,10,보츠와나,7
2023,10,볼리비아,44
2023,10,부룬디,57
2023,10,부르키나파소,16
2023,10,부탄,17
2023,10,북마케도니아,6
2023,10,불가리아,94
2023,10,브라질,1164
2023,10,브루나이,151
2023,10,사모아,11
2023,10,사우디아라비아,439
2023,10,산마리노,2
2023,10,상투메프린시페,2
2023,10,세네갈,97
2023,10,세르비아,45
2023,10,세르비아몬테네그로,1
2023,10,세이셸,4
2023,10,세인트루시아,4
2023,10,세인트빈센트그레나딘,4
2023,10,세인트크리스토퍼네비스,13
2023,10,소말리아,4
2023,10,솔로몬군도,1
2023,10,수단,32
2023,10,수리남,7
2023,10,스리랑카,2162
2023,10,스발바르,1
2023,10,스웨덴,761
2023,10,스위스,597
2023,10,스페인,1121
2023,10,슬로바크,57
2023,10,슬로베니아,77
2023,10,시리아,75
2023,10,시에라리온,13
2023,10,싱가포르,8612
2023,10,아랍에미리트연합,326
2023,10,아르메니아,9
2023,10,아르헨티나,358
2023,10,아이슬란드,19
2023,10,아이티,8
2023,10,아일랜드,327
2023,10,아제르바이잔,63
2023,10,아프가니스탄,72
2023,10,알바니아,42
2023,10,알제리,71
2023,10,앙골라,16
2023,10,앤티카바부다,3
2023,10,에리트레아,2
2023,10,에스와티니,10
2023,10,에스토니아,50
2023,10,에콰도르,103
2023,10,에티오피아,75
2023,10,엘살바도르,33
2023,10,영국,3268
2023,10,영국외지민,132
2023,10,영국외지시민,2
2023,10,예멘공화국,36
2023,10,오만,61
2023,10,오스트레일리아,6822
2023,10,오스트리아,476
2023,10,온두라스,50
2023,10,요르단,164
2023,10,우간다,83
2023,10,우루과이,26
2023,10,우즈베키스탄,5981
2023,10,우크라이나,311
2023,10,유고슬라비아,1
2023,10,이라크,246
2023,10,이란,824
2023,10,이스라엘,228
2023,10,이집트,457
2023,10,이탈리아,1244
2023,10,인도,3434
2023,10,인도네시아,9236
2023,10,일본,19408
2023,10,자메이카,31
2023,10,자이르,7
2023,10,잠비아,19
2023,10,적도기니,1
2023,10,조지아,48
2023,10,중국,93379
2023,10,중앙아프리카공화국,4
2023,10,지부티,5
2023,10,짐바브웨,33
2023,10,체코,209
2023,10,칠레,241
2023,10,카메룬,84
2023,10,카자흐스탄,13679
2023,10,카타르,79
2023,10,캄보디아,3462
2023,10,캐나다,7698
2023,10,케냐,78
2023,10,코모로,4
2023,10,코소보,2
2023,10,코스타리카,81
2023,10,코트디부아르,54
2023,10,콜롬비아,284
2023,10,콩고,12
2023,10,콩고민주공화국,129
2023,10,쿠바,4
2023,10,쿠웨이트,111
2023,10,크로아티아,83
2023,10,키르기즈,1058
2023,10,키리바시,9
2023,10,키프로스,28
2023,10,타이,164577
2023,10,타이완,13658
2023,10,타지키스탄,1167
2023,10,탄자니아,100
2023,10,토고,9
2023,10,통가,6
2023,10,투르크메니스탄,207
2023,10,투발루,2
2023,10,튀니지,169
2023,10,튀르키예,1434
2023,10,트리니다드토바고,7
2023,10,티모르민주공화국,280
2023,10,파나마,42
2023,10,파라과이,174
2023,10,파키스탄,2534
2023,10,파푸아뉴기니,23
2023,10,팔라우,11
2023,10,팔레스타인,14
2023,10,페루,553
2023,10,포르투갈,242
2023,10,폴란드,704
2023,10,프랑스,6482
2023,10,피지,46
2023,10,핀란드,269
2023,10,필리핀,18655
2023,10,한국계중국인,11498
2023,10,헝가리,239
2023,10,홍콩,6616
2023,10,홍콩거주난민,13
2023,11,가나,352
2023,11,가봉,15
2023,11,가이아나,3
2023,11,감비아,6
2023,11,과테말라,79
2023,11,국적불명,13
2023,11,국제연합,28
2023,11,국제연합 전문기구,15
2023,11,그레나다,2
2023,11,그리스,196
2023,11,기니,10
2023,11,기니비사우,3
2023,11,나우루,4
2023,11,나이지리아,3
2023,11,남수단공화국,388
2023,11,남아프리카공화국,1
2023,11,네덜란드,306
2023,11,네팔,1068
2023,11,노르웨이,2708
2023,11,뉴질랜드,374
2023,11,니제르,1712
2023,11,니카라과,4
2023,11,덴마크,22
2023,11,도미니카공화국,491
2023,11,도미니카연방,69
2023,11,독일,14
2023,11,라오스,4350
2023,11,라이베리아,1131
2023,11,라트비아,53
2023,11,러시아(연방),64
2023,11,레바논,15065
2023,11,레소토,27
2023,11,루마니아,2
2023,11,룩셈부르크,433
2023,11,르완다,26
2023,11,리비아,57
2023,11,리투아니아,212
2023,11,마다가스카르,142
2023,11,마샬군도,4
2023,11,마카오,26
2023,11,말라위,21
2023,11,말레이시아,446
2023,11,말리,6
2023,11,멕시코,9822
2023,11,모로코,23
2023,11,모리셔스,814
2023,11,모리타니,2
2023,11,모잠비크,246
2023,11,몬테네그로,20
2023,11,몰도바,5
2023,11,몰타,11
2023,11,몽골,4
2023,11,무국적,40
2023,11,미국,9
2023,11,미얀마,24
2023,11,미이크로네시아,22751
2023,11,바누아투,36
2023,11,바레인,96929
2023,11,바베이도스,2637
2023,11,바하마,18
2023,11,방글라데시,3
2023,11,베냉,27
2023,11,베네수엘라,3
2023,11,베트남,2
2023,11,벨기에,3620
2023,11,벨라루스,11
2023,11,벨리즈,70
2023,11,보츠와나,49115
2023,11,볼리비아,701
2023,11,부룬디,67
2023,11,부르키나파소,7
2023,11,부탄,3
2023,11,북마케도니아,7
2023,11,불가리아,44
2023,11,브라질,57
2023,11,브루나이,16
2023,11,사모아,17
2023,11,사우디아라비아,6
2023,11,산마리노,94
2023,11,상투메프린시페,1164
2023,11,세네갈,151
2023,11,세르비아,11
2023,11,세르비아몬테네그로,439
2023,11,세이셸,2
2023,11,세인트크리스토퍼네비스,2
2023,11,소말리아,97
2023,11,수단,45
2023,11,수리남,1
2023,11,스리랑카,4
2023,11,스발바르,4
2023,11,스웨덴,4
2023,11,스위스,13
2023,11,스페인,4
2023,11,슬로바크,1
2023,11,슬로베니아,32
2023,11,시리아,7
2023,11,시에라리온,2162
2023,11,싱가포르,1
2023,11,아랍에미리트연합,761
2023,11,아르메니아,597
2023,11,아르헨티나,1121
2023,11,아이슬란드,57
2023,11,아이티,77
2023,11,아일랜드,75
2023,11,아제르바이잔,13
2023,11,아프가니스탄,8612
2023,11,알바니아,326
2023,11,알제리,9
2023,11,앙골라,358
2023,11,에리트레아,19
2023,11,에스와티니,8
2023,11,에스토니아,327
2023,11,에콰도르,63
2023,11,에티오피아,72
2023,11,엘살바도르,42
2023,11,영국,71
2023,11,영국외지민,16
2023,11,예멘공화국,3
2023,11,오만,2
2023,11,오스트레일리아,10
2023,11,오스트리아,50
2023,11,온두라스,103
2023,11,요르단,75
2023,11,우간다,33
2023,11,우루과이,3268
2023,11,우즈베키스탄,132
2023,11,우크라이나,2
2023,11,유고슬라비아,36
2023,11,이라크,61
2023,11,이란,6822
2023,11,이스라엘,476
2023,11,이집트,50
2023,11,이탈리아,164
2023,11,인도,83
2023,11,인도네시아,26
2023,11,일본,5981
2023,11,자메이카,311
2023,11,자이르,1
2023,11,잠비아,246
2023,11,적도기니,824
2023,11,조지아,228
2023,11,중국,457
2023,11,중앙아프리카공화국,1244
2023,11,지부티,3434
2023,11,짐바브웨,9236
2023,11,체코,19408
2023,11,칠레,31
2023,11,카메룬,7
2023,11,카자흐스탄,19
2023,11,카타르,1
2023,11,캄보디아,48
2023,11,캐나다,93379
2023,11,케냐,4
2023,11,코모로,5
2023,11,코소보,33
2023,11,코스타리카,209
2023,11,코트디부아르,241
2023,11,콜롬비아,84
2023,11,콩고,13679
2023,11,콩고민주공화국,79
2023,11,쿠바,3462
2023,11,쿠웨이트,7698
2023,11,크로아티아,78
2023,11,키르기즈,4
2023,11,키프로스,2
2023,11,타이,81
2023,11,타이완,54
2023,11,타지키스탄,284
2023,11,탄자니아,12
2023,11,토고,129
2023,11,통가,4
2023,11,투르크메니스탄,111
2023,11,튀니지,83
2023,11,튀르키예,1058
2023,11,트리니다드토바고,9
2023,11,티모르민주공화국,28
2023,11,파나마,164577
2023,11,파라과이,13658
2023,11,파키스탄,1167
2023,11,파푸아뉴기니,100
2023,11,팔라우,9
2023,11,팔레스타인,6
2023,11,페루,207
2023,11,포르투갈,2
2023,11,폴란드,169
2023,11,프랑스,1434
2023,11,피지,7
2023,11,핀란드,280
2023,11,필리핀,42
2023,11,한국계중국인,174
2023,11,헝가리,2534
2023,11,홍콩,23
2023,11,홍콩거주난민,11
2023,12,가나,320
2023,12,가봉,12
2023,12,가이아나,2
2023,12,감비아,6
2023,12,과테말라,61
2023,12,국적불명,9
2023,12,국제연합,17
2023,12,국제연합 전문기구,2
2023,12,그레나다,4
2023,12,그리스,110
2023,12,기니,8
2023,12,기니비사우,5
2023,12,나우루,3
2023,12,나이지리아,370
2023,12,남수단공화국,2
2023,12,남아프리카공화국,481
2023,12,네덜란드,732
2023,12,네팔,2706
2023,12,노르웨이,164
2023,12,뉴질랜드,2369
2023,12,니제르,2
2023,12,니카라과,13
2023,12,덴마크,151
2023,12,도미니카공화국,44
2023,12,도미니카연방,7
2023,12,독일,2377
2023,12,라오스,1135
2023,12,라이베리아,52
2023,12,라트비아,30
2023,12,러시아(연방),13201
2023,12,레바논,18
2023,12,레소토,2
2023,12,루마니아,163
2023,12,룩셈부르크,42
2023,12,르완다,15
2023,12,리비아,159
2023,12,리투아니아,51
2023,12,리히텐슈타인,1
2023,12,마다가스카르,8
2023,12,마샬군도,18
2023,12,마카오,528
2023,12,말라위,4
2023,12,말레이시아,7863
2023,12,말리,19
2023,12,멕시코,597
2023,12,모나코,6
2023,12,모로코,242
2023,12,모리셔스,19
2023,12,모리타니,4
2023,12,모잠비크,5
2023,12,몬테네그로,7
2023,12,몰도바,7
2023,12,몰디브,2
2023,12,몰타,15
2023,12,몽골,22379
2023,12,무국적,38
2023,12,미국,81957
2023,12,미얀마,2808
2023,12,미이크로네시아,12
2023,12,바누아투,2
2023,12,바레인,2
2023,12,바베이도스,2
2023,12,바하마,1
2023,12,방글라데시,3697
2023,12,베냉,9
2023,12,베네수엘라,60
2023,12,베트남,43781
2023,12,벨기에,281
2023,12,벨라루스,57
2023,12,벨리즈,2
2023,12,보스니아-헤르체고비나,1
2023,12,보츠와나,12
2023,12,볼리비아,23
2023,12,부룬디,7
2023,12,부르키나파소,8
2023,12,부탄,14
2023,12,북마케도니아,5
2023,12,불가리아,42
2023,12,브라질,1125
2023,12,브루나이,298
2023,12,사모아,8
2023,12,사우디아라비아,363
2023,12,산마리노,1
2023,12,상투메프린시페,2
2023,12,세네갈,16
2023,12,세르비아,22
2023,12,세르비아몬테네그로,1
2023,12,세이셸,3
2023,12,세인트크리스토퍼네비스,9
2023,12,소말리아,5
2023,12,수단,32
2023,12,수리남,6
2023,12,스리랑카,2112
2023,12,스발바르,1
2023,12,스웨덴,393
2023,12,스위스,395
2023,12,스페인,559
2023,12,슬로바크,70
2023,12,슬로베니아,18
2023,12,시리아,52
2023,12,시에라리온,13
2023,12,싱가포르,9709
2023,12,아랍에미리트연합,333
2023,12,아르메니아,5
2023,12,아르헨티나,373
2023,12,아이슬란드,5
2023,12,아이티,12
2023,12,아일랜드,175
2023,12,아제르바이잔,35
2023,12,아프가니스탄,77
2023,12,알바니아,30
2023,12,알제리,69
2023,12,앙골라,9
2023,12,앤티카바부다,12
2023,12,에리트레아,2
2023,12,에스와티니,15
2023,12,에스토니아,33
2023,12,에콰도르,85
2023,12,에티오피아,64
2023,12,엘살바도르,15
2023,12,영국,2268
2023,12,영국외지민,126
2023,12,예멘공화국,41
2023,12,오만,27
2023,12,오스트레일리아,11231
2023,12,오스트리아,205
2023,12,온두라스,38
2023,12,요르단,126
2023,12,우간다,48
2023,12,우루과이,33
2023,12,우즈베키스탄,5110
2023,12,우크라이나,202
2023,12,유고슬라비아,1
2023,12,이라크,145
2023,12,이란,733
2023,12,이스라엘,113
2023,12,이집트,413
2023,12,이탈리아,1147
2023,12,인도,2344
2023,12,인도네시아,12642
2023,12,일본,30263
2023,12,자메이카,25
2023,12,자이르,7
2023,12,잠비아,8
2023,12,적도기니,1
2023,12,조지아,17
2023,12,중국,109443
2023,12,중앙아프리카공화국,4
2023,12,지부티,3
2023,12,짐바브웨,25
2023,12,체코,102
2023,12,칠레,162
2023,12,카메룬,53
2023,12,카보베르데,2
2023,12,카자흐스탄,12368
2023,12,카타르,89
2023,12,캄보디아,3107
2023,12,캐나다,5734
2023,12,케냐,65
2023,12,코소보,1
2023,12,코스타리카,52
2023,12,코트디부아르,45
2023,12,콜롬비아,212
2023,12,콩고,9
2023,12,콩고민주공화국,27
2023,12,쿠바,3
2023,12,쿠웨이트,87
2023,12,크로아티아,54
2023,12,키르기즈,864
2023,12,키프로스,20
2023,12,타이,162053
2023,12,타이완,15446
2023,12,타지키스탄,1064
2023,12,탄자니아,30
2023,12,토고,5
2023,12,통가,4
2023,12,투르크메니스탄,213
2023,12,투발루,1
2023,12,튀니지,88
2023,12,튀르키예,1173
2023,12,트리니다드토바고,11
2023,12,티모르민주공화국,190
2023,12,파나마,35
2023,12,파라과이,140
2023,12,파키스탄,2533
2023,12,파푸아뉴기니,9
2023,12,팔라우,10
2023,12,팔레스타인,8
2023,12,페루,512
2023,12,포르투갈,125
2023,12,폴란드,290
2023,12,프랑스,2907
2023,12,피지,33
2023,12,핀란드,147
2023,12,필리핀,15394
2023,12,한국계중국인,8615
2023,12,헝가리,93
2023,12,홍콩,8724
2023,12,홍콩거주난민,13
2024,01,가나,313
2024,01,가봉,12
2024,01,가이아나,3
2024,01,감비아,8
2024,01,과테말라,53
2024,01,국적불명,12
2024,01,국제연합,19
2024,01,국제연합 전문기구,1
2024,01,그레나다,6
2024,01,그리스,140
2024,01,기니,8
2024,01,기니비사우,5
2024,01,나우루,3
2024,01,나이지리아,414
2024,01,남수단공화국,3
2024,01,남아프리카공화국,260
2024,01,네덜란드,469
2024,01,네팔,3040
2024,01,노르웨이,219
2024,01,뉴질랜드,1194
2024,01,니제르,2
2024,01,니카라과,12
2024,01,덴마크,181
2024,01,도미니카공화국,57
2024,01,도미니카연방,7
2024,01,독일,1948
2024,01,라오스,1007
2024,01,라이베리아,54
2024,01,라트비아,56
2024,01,러시아(연방),11750
2024,01,레바논,15
2024,01,레소토,3
2024,01,루마니아,121
2024,01,룩셈부르크,16
2024,01,르완다,10
2024,01,리비아,158
2024,01,리투아니아,42
2024,01,리히텐슈타인,2
2024,01,마다가스카르,5
2024,01,마샬군도,16
2024,01,마카오,236
2024,01,말라위,10
2024,01,말레이시아,5403
2024,01,말리,20
2024,01,멕시코,490
2024,01,모로코,211
2024,01,모리셔스,14
2024,01,모리타니,4
2024,01,모잠비크,5
2024,01,몬테네그로,10
2024,01,몰도바,10
2024,01,몰디브,2
2024,01,몰타,11
2024,01,몽골,21641
2024,01,무국적,37
2024,01,미국,76304
2024,01,미얀마,2286
2024,01,미이크로네시아,20
2024,01,바누아투,7
2024,01,바레인,3
2024,01,바베이도스,1
2024,01,바하마,1
2024,01,방글라데시,3503
2024,01,베냉,8
2024,01,베네수엘라,58
2024,01,베트남,37582
2024,01,벨기에,221
2024,01,벨라루스,59
2024,01,벨리즈,2
2024,01,보스니아-헤르체고비나,17
2024,01,보츠와나,6
2024,01,볼리비아,50
2024,01,부룬디,8
2024,01,부르키나파소,8
2024,01,부탄,6
2024,01,북마케도니아,9
2024,01,불가리아,42
2024,01,브라질,1036
2024,01,브루나이,118
2024,01,사모아,7
2024,01,사우디아라비아,139
2024,01,산마리노,1
2024,01,상투메프린시페,2
2024,01,세네갈,22
2024,01,세르비아,33
2024,01,세르비아몬테네그로,1
2024,01,세이셸,3
2024,01,세인트크리스토퍼네비스,16
2024,01,소말리아,7
2024,01,수단,34
2024,01,수리남,4
2024,01,스리랑카,2034
2024,01,스발바르,1
2024,01,스웨덴,369
2024,01,스위스,421
2024,01,스페인,457
2024,01,슬로바크,81
2024,01,슬로베니아,44
2024,01,시리아,62
2024,01,시에라리온,13
2024,01,싱가포르,2041
2024,01,아랍에미리트연합,284
2024,01,아르메니아,8
2024,01,아르헨티나,432
2024,01,아이슬란드,14
2024,01,아이티,12
2024,01,아일랜드,138
2024,01,아제르바이잔,29
2024,01,아프가니스탄,66
2024,01,알바니아,28
2024,01,알제리,75
2024,01,앙골라,12
2024,01,앤티카바부다,1
2024,01,에리트레아,2
2024,01,에스와티니,13
2024,01,에스토니아,43
2024,01,에콰도르,65
2024,01,에티오피아,61
2024,01,엘살바도르,18
2024,01,영국,1721
2024,01,영국외지민,52
2024,01,예멘공화국,38
2024,01,오만,34
2024,01,오스트레일리아,5250
2024,01,오스트리아,190
2024,01,온두라스,31
2024,01,요르단,111
2024,01,우간다,49
2024,01,우루과이,28
2024,01,우즈베키스탄,4535
2024,01,우크라이나,283
2024,01,유고슬라비아,1
2024,01,이라크,151
2024,01,이란,733
2024,01,이스라엘,162
2024,01,이집트,407
2024,01,이탈리아,723
2024,01,인도,2120
2024,01,인도네시아,7047
2024,01,일본,15018
2024,01,자메이카,28
2024,01,자이르,7
2024,01,잠비아,9
2024,01,적도기니,1
2024,01,조지아,29
2024,01,중국,110195
2024,01,중앙아프리카공화국,4
2024,01,지부티,3
2024,01,짐바브웨,32
2024,01,체코,169
2024,01,칠레,230
2024,01,카메룬,43
2024,01,카보베르데,5
2024,01,카자흐스탄,12126
2024,01,카타르,39
2024,01,캄보디아,2463
2024,01,캐나다,4942
2024,01,케냐,52
2024,01,코소보,1
2024,01,코스타리카,41
2024,01,코트디부아르,44
2024,01,콜롬비아,157
2024,01,콩고,20
2024,01,콩고민주공화국,21
2024,01,쿠바,5
2024,01,쿠웨이트,125
2024,01,크로아티아,78
2024,01,키르기즈,740
2024,01,키프로스,23
2024,01,타이,156184
2024,01,타이완,18206
2024,01,타지키스탄,955
2024,01,탄자니아,28
2024,01,토고,5
2024,01,통가,4
2024,01,투르크메니스탄,205
2024,01,튀니지,74
2024,01,튀르키예,1138
2024,01,트리니다드토바고,7
2024,01,티모르민주공화국,213
2024,01,파나마,19
2024,01,파라과이,151
2024,01,파키스탄,2532
2024,01,파푸아뉴기니,12
2024,01,팔라우,8
2024,01,팔레스타인,5
2024,01,페루,512
2024,01,포르투갈,134
2024,01,폴란드,339
2024,01,프랑스,1865
2024,01,피지,22
2024,01,핀란드,175
2024,01,필리핀,11064
2024,01,한국계중국인,9120
2024,01,헝가리,101
2024,01,홍콩,2881
2024,01,홍콩거주난민,13
2024,02,가나,289
2024,02,가봉,19
2024,02,가이아나,3
2024,02,감비아,7
2024,02,과테말라,64
2024,02,국적불명,8
2024,02,국제연합,18
2024,02,국제연합 전문기구,1
2024,02,그레나다,2
2024,02,그리스,60
2024,02,기니,13
2024,02,기니비사우,4
2024,02,나우루,3
2024,02,나이지리아,371
2024,02,남아프리카공화국,280
2024,02,네덜란드,427
2024,02,네팔,3086
2024,02,노르웨이,116
2024,02,뉴질랜드,804
2024,02,니제르,3
2024,02,니카라과,11
2024,02,덴마크,164
2024,02,도미니카공화국,52
2024,02,도미니카연방,4
2024,02,독일,1962
2024,02,라오스,1263
2024,02,라이베리아,56
2024,02,라트비아,60
2024,02,러시아(연방),10948
2024,02,레바논,12
2024,02,레소토,1
2024,02,루마니아,115
2024,02,룩셈부르크,16
2024,02,르완다,30
2024,02,리비아,147
2024,02,리투아니아,64
2024,02,리히텐슈타인,3
2024,02,마다가스카르,14
2024,02,마샬군도,14
2024,02,마카오,64
2024,02,말라위,6
2024,02,말레이시아,3341
2024,02,말리,21
2024,02,멕시코,568
2024,02,모로코,223
2024,02,모리셔스,12
2024,02,모리타니,4
2024,02,모잠비크,7
2024,02,몬테네그로,11
2024,02,몰도바,15
2024,02,몰디브,1
2024,02,몰타,11
2024,02,몽골,19344
2024,02,무국적,35
2024,02,미국,74769
2024,02,미얀마,2589
2024,02,미이크로네시아,16
2024,02,바누아투,3
2024,02,바레인,2
2024,02,바베이도스,2
2024,02,바하마,2
2024,02,방글라데시,3671
2024,02,베냉,10
2024,02,베네수엘라,46
2024,02,베트남,36474
2024,02,벨기에,215
2024,02,벨라루스,53
2024,02,벨리즈,3
2024,02,보스니아-헤르체고비나,2
2024,02,보츠와나,5
2024,02,볼리비아,22
2024,02,부룬디,53
2024,02,부르키나파소,7
2024,02,부탄,7
2024,02,북마케도니아,3
2024,02,불가리아,49
2024,02,브라질,774
2024,02,브루나이,84
2024,02,사모아,6
2024,02,사우디아라비아,145
2024,02,산마리노,1
2024,02,상투메프린시페,2
2024,02,세네갈,16
2024,02,세르비아,14
2024,02,세르비아몬테네그로,1
2024,02,세이셸,1
2024,02,세인트크리스토퍼네비스,8
2024,02,소말리아,4
2024,02,수단,33
2024,02,수리남,4
2024,02,스리랑카,1986
2024,02,스발바르,1
2024,02,스웨덴,229
2024,02,스위스,240
2024,02,스페인,479
2024,02,슬로바크,48
2024,02,슬로베니아,26
2024,02,시리아,64
2024,02,시에라리온,13
2024,02,싱가포르,901
2024,02,아랍에미리트연합,208
2024,02,아르메니아,8
2024,02,아르헨티나,281
2024,02,아이슬란드,4
2024,02,아이티,11
2024,02,아일랜드,103
2024,02,아제르바이잔,46
2024,02,아프가니스탄,63
2024,02,안도라,1
2024,02,알바니아,22
2024,02,알제리,59
2024,02,앙골라,10
2024,02,에리트레아,2
2024,02,에스와티니,7
2024,02,에스토니아,36
2024,02,에콰도르,78
2024,02,에티오피아,68
2024,02,엘살바도르,11
2024,02,영국,1156
2024,02,영국외지민,19
2024,02,예멘공화국,39
2024,02,오만,12
2024,02,오스트레일리아,3034
2024,02,오스트리아,134
2024,02,온두라스,30
2024,02,요르단,101
2024,02,우간다,57
2024,02,우루과이,21
2024,02,우즈베키스탄,4842
2024,02,우크라이나,240
2024,02,유고슬라비아,1
2024,02,이라크,163
2024,02,이란,719
2024,02,이스라엘,82
2024,02,이집트,358
2024,02,이탈리아,510
2024,02,인도,1842
2024,02,인도네시아,5592
2024,02,일본,5889
2024,02,자메이카,23
2024,02,자이르,7
2024,02,잠비아,9
2024,02,적도기니,2
2024,02,조지아,24
2024,02,중국,73547
2024,02,중앙아프리카공화국,4
2024,02,지부티,4
2024,02,짐바브웨,24
2024,02,체코,140
2024,02,칠레,132
2024,02,카메룬,44
2024,02,카보베르데,1
2024,02,카자흐스탄,11785
2024,02,카타르,25
2024,02,캄보디아,2438
2024,02,캐나다,4325
2024,02,케냐,64
2024,02,코소보,2
2024,02,코스타리카,39
2024,02,코트디부아르,45
2024,02,콜롬비아,175
2024,02,콩고,9
2024,02,콩고민주공화국,22
2024,02,쿠바,3
2024,02,쿠웨이트,23
2024,02,크로아티아,46
2024,02,키르기즈,765
2024,02,키프로스,13
2024,02,타이,153385
2024,02,타이완,1973
2024,02,타지키스탄,968
2024,02,탄자니아,29
2024,02,토고,6
2024,02,통가,5
2024,02,투르크메니스탄,198
2024,02,튀니지,57
2024,02,튀르키예,986
2024,02,트리니다드토바고,5
2024,02,티모르민주공화국,249
2024,02,파나마,14
2024,02,파라과이,143
2024,02,파키스탄,2545
2024,02,파푸아뉴기니,7
2024,02,팔라우,7
2024,02,팔레스타인,4
2024,02,페루,462
2024,02,포르투갈,71
2024,02,폴란드,295
2024,02,프랑스,2337
2024,02,피지,22
2024,02,핀란드,183
2024,02,필리핀,9117
2024,02,한국계중국인,6948
2024,02,헝가리,73
2024,02,홍콩,804
2024,02,홍콩거주난민,13
2024,03,가봉,18
2024,03,가이아나,3
2024,03,감비아,6
2024,03,과테말라,94
2024,03,국적불명,10
2024,03,국제연합,22
2024,03,국제연합 전문기구,5
2024,03,그레나다,7
2024,03,그리스,239
2024,03,기니,8
2024,03,기니비사우,4
2024,03,나미비아,2
2024,03,나우루,3
2024,03,나이지리아,390
2024,03,남아프리카공화국,435
2024,03,네덜란드,1037
2024,03,네팔,4104
2024,03,노르웨이,504
2024,03,뉴질랜드,1752
2024,03,니제르,3
2024,03,니카라과,26
2024,03,덴마크,675
2024,03,도미니카공화국,87
2024,03,도미니카연방,26
2024,03,독일,6318
2024,03,라오스,2159
2024,03,라이베리아,55
2024,03,라트비아,82
2024,03,러시아(연방),15408
2024,03,레바논,14
2024,03,레소토,5
2024,03,루마니아,403
2024,03,룩셈부르크,99
2024,03,르완다,41
2024,03,리비아,132
2024,03,리투아니아,153
2024,03,리히텐슈타인,1
2024,03,마다가스카르,19
2024,03,마샬군도,15
2024,03,마카오,1060
2024,03,말라위,10
2024,03,말레이시아,8268
2024,03,말리,21
2024,03,멕시코,1149
2024,03,모나코,
2024,03,모로코,206
2024,03,모리셔스,36
2024,03,모리타니,4
2024,03,모잠비크,7
2024,03,몬테네그로,14
2024,03,몰도바,13
2024,03,몰디브,1
2024,03,몰타,42
2024,03,몽골,21661
2024,03,무국적,32
2024,03,미국,95358
2024,03,미얀마,3073
2024,03,미이크로네시아,17
2024,03,바누아투,4
2024,03,바레인,8
2024,03,바베이도스,3
2024,03,바하마,3
2024,03,방글라데시,3807
2024,03,베냉,9
2024,03,베네수엘라,92
2024,03,베트남,53699
2024,03,벨기에,722
2024,03,벨라루스,97
2024,03,벨리즈,2
2024,03,보스니아-헤르체고비나,10
2024,03,보츠와나,7
2024,03,볼리비아,26
2024,03,부룬디,104
2024,03,부르키나파소,10
2024,03,부탄,12
2024,03,북마케도니아,4
2024,03,불가리아,245
2024,03,브라질,1443
2024,03,브루나이,214
2024,03,사모아,6
2024,03,사우디아라비아,158
2024,03,산마리노,1
2024,03,상투메프린시페,2
2024,03,세네갈,20
2024,03,세르비아,68
2024,03,세르비아몬테네그로,1
2024,03,세이셸,6
2024,03,세인트루시아,6
2024,03,세인트빈센트그레나딘,2
2024,03,세인트크리스토퍼네비스,14
2024,03,소말리아,4
2024,03,솔로몬군도,2
2024,03,수단,37
2024,03,수리남,7
2024,03,스리랑카,2322
2024,03,스발바르,1
2024,03,스웨덴,756
2024,03,스위스,1127
2024,03,스페인,1686
2024,03,슬로바크,116
2024,03,슬로베니아,50
2024,03,시리아,60
2024,03,시에라리온,14
2024,03,싱가포르,10864
2024,03,아랍에미리트연합,210
2024,03,아르메니아,12
2024,03,아르헨티나,434
2024,03,아이슬란드,17
2024,03,아이티,10
2024,03,아일랜드,366
2024,03,아제르바이잔,49
2024,03,아프가니스탄,64
2024,03,안도라,3
2024,03,알바니아,23
2024,03,알제리,63
2024,03,앙골라,10
2024,03,앤티카바부다,5
2024,03,에리트레아,2
2024,03,에스와티니,7
2024,03,에스토니아,81
2024,03,에콰도르,119
2024,03,에티오피아,99
2024,03,엘살바도르,25
2024,03,영국,4845
2024,03,영국외지민,174
2024,03,영국외지시민,2
2024,03,예멘공화국,36
2024,03,오만,13
2024,03,오스트레일리아,9377
2024,03,오스트리아,429
2024,03,온두라스,37
2024,03,요르단,91
2024,03,우간다,57
2024,03,우루과이,34
2024,03,우즈베키스탄,5716
2024,03,우크라이나,318
2024,03,유고슬라비아,1
2024,03,이라크,182
2024,03,이란,838
2024,03,이스라엘,379
2024,03,이집트,369
2024,03,이탈리아,1630
2024,03,인도,3396
2024,03,인도네시아,7836
2024,03,일본,27228
2024,03,자메이카,33
2024,03,자이르,7
2024,03,잠비아,32
2024,03,적도기니,2
2024,03,조지아,26
2024,03,중국,112202
2024,03,중앙아프리카공화국,6
2024,03,지부티,4
2024,03,짐바브웨,31
2024,03,체코,350
2024,03,칠레,273
2024,03,카메룬,53
2024,03,카보베르데,1
2024,03,카자흐스탄,12402
2024,03,카타르,14
2024,03,캄보디아,3610
2024,03,캐나다,8324
2024,03,케냐,84
2024,03,코모로,
2024,03,코소보,3
2024,03,코스타리카,108
2024,03,코트디부아르,45
2024,03,콜롬비아,369
2024,03,콩고,9
2024,03,콩고민주공화국,22
2024,03,쿠바,5
2024,03,쿠웨이트,25
2024,03,크로아티아,184
2024,03,키르기즈,938
2024,03,키리바시,
2024,03,키프로스,46
2024,03,타이,157955
2024,03,타이완,21837
2024,03,타지키스탄,1075
2024,03,탄자니아,58
2024,03,토고,5
2024,03,통가,9
2024,03,투르크메니스탄,197
2024,03,투발루,1
2024,03,튀니지,66
2024,03,튀르키예,1328
2024,03,트리니다드토바고,18
2024,03,티모르민주공화국,276
2024,03,파나마,45
2024,03,파라과이,143
2024,03,파키스탄,2566
2024,03,파푸아뉴기니,12
2024,03,팔라우,9
2024,03,팔레스타인,5
2024,03,페루,522
2024,03,포르투갈,394
2024,03,폴란드,687
2024,03,프랑스,4693
2024,03,피지,25
2024,03,핀란드,358
2024,03,필리핀,16980
2024,03,한국계중국인,9331
2024,03,헝가리,298
2024,03,홍콩,15863
2024,03,홍콩거주난민,13
2024,04,가나,318
2024,04,가봉,16
2024,04,가이아나,3
2024,04,감비아,7
2024,04,과테말라,101
2024,04,국적불명,8
2024,04,국제연합,27
2024,04,국제연합 전문기구,6
2024,04,그레나다,6
2024,04,그리스,269
2024,04,기니,8
2024,04,기니비사우,3
2024,04,나미비아,1
2024,04,나우루,3
2024,04,나이지리아,374
2024,04,남아프리카공화국,417
2024,04,네덜란드,2519
2024,04,네팔,3121
2024,04,노르웨이,211
2024,04,뉴질랜드,1574
2024,04,니제르,5
2024,04,니카라과,29
2024,04,덴마크,436
2024,04,도미니카공화국,86
2024,04,도미니카연방,9
2024,04,독일,4735
2024,04,라오스,3835
2024,04,라이베리아,59
2024,04,라트비아,69
2024,04,러시아(연방),15918
2024,04,레바논,35
2024,04,레소토,3
2024,04,루마니아,481
2024,04,룩셈부르크,47
2024,04,르완다,25
2024,04,리비아,210
2024,04,리투아니아,115
2024,04,리히텐슈타인,
2024,04,마다가스카르,24
2024,04,마샬군도,16
2024,04,마카오,324
2024,04,말라위,9
2024,04,말레이시아,8202
2024,04,말리,25
2024,04,멕시코,816
2024,04,모나코,2
2024,04,모로코,330
2024,04,모리셔스,28
2024,04,모리타니,5
2024,04,모잠비크,9
2024,04,몬테네그로,12
2024,04,몰도바,16
2024,04,몰디브,2
2024,04,몰타,20
2024,04,몽골,20776
2024,04,무국적,32
2024,04,미국,92479
2024,04,미얀마,2211
2024,04,미이크로네시아,15
2024,04,바누아투,9
2024,04,바레인,23
2024,04,바베이도스,1
2024,04,바하마,2
2024,04,방글라데시,3606
2024,04,베냉,14
2024,04,베네수엘라,107
2024,04,베트남,58744
2024,04,벨기에,1014
2024,04,벨라루스,80
2024,04,벨리즈,3
2024,04,보스니아-헤르체고비나,21
2024,04,보츠와나,13
2024,04,볼리비아,35
2024,04,부룬디,87
2024,04,부르키나파소,11
2024,04,부탄,8
2024,04,북마케도니아,2
2024,04,불가리아,176
2024,04,브라질,1380
2024,04,브루나이,62
2024,04,사모아,11
2024,04,사우디아라비아,465
2024,04,산마리노,1
2024,04,상투메프린시페,2
2024,04,세네갈,37
2024,04,세르비아,94
2024,04,세르비아몬테네그로,1
2024,04,세이셸,2
2024,04,세인트루시아,5
2024,04,세인트빈센트그레나딘,1
2024,04,세인트크리스토퍼네비스,15
2024,04,소말리아,4
2024,04,솔로몬군도,5
2024,04,수단,35
2024,04,수리남,7
2024,04,스리랑카,2042
2024,04,스발바르,1
2024,04,스웨덴,618
2024,04,스위스,951
2024,04,스페인,1104
2024,04,슬로바크,150
2024,04,슬로베니아,107
2024,04,시리아,68
2024,04,시에라리온,19
2024,04,싱가포르,7957
2024,04,아랍에미리트연합,337
2024,04,아르메니아,7
2024,04,아르헨티나,392
2024,04,아이슬란드,31
2024,04,아이티,12
2024,04,아일랜드,292
2024,04,아제르바이잔,36
2024,04,아프가니스탄,75
2024,04,안도라,2
2024,04,알바니아,34
2024,04,알제리,71
2024,04,앙골라,120
2024,04,앤티카바부다,2
2024,04,에리트레아,2
2024,04,에스와티니,9
2024,04,에스토니아,85
2024,04,에콰도르,168
2024,04,에티오피아,84
2024,04,엘살바도르,23
2024,04,영국,3347
2024,04,영국외지민,85
2024,04,예멘공화국,38
2024,04,오만,52
2024,04,오스트레일리아,7549
2024,04,오스트리아,437
2024,04,온두라스,47
2024,04,요르단,103
2024,04,우간다,62
2024,04,우루과이,30
2024,04,우즈베키스탄,5383
2024,04,우크라이나,348
2024,04,유고슬라비아,1
2024,04,이라크,174
2024,04,이란,777
2024,04,이스라엘,569
2024,04,이집트,413
2024,04,이탈리아,2112
2024,04,인도,3243
2024,04,인도네시아,8265
2024,04,일본,25323
2024,04,자메이카,31
2024,04,자이르,7
2024,04,잠비아,40
2024,04,적도기니,2
2024,04,조지아,33
2024,04,중국,121533
2024,04,중앙아프리카공화국,7
2024,04,지부티,5
2024,04,짐바브웨,33
2024,04,차드,1
2024,04,체코,314
2024,04,칠레,261
2024,04,카메룬,51
2024,04,카보베르데,3
2024,04,카자흐스탄,12016
2024,04,카타르,68
2024,04,캄보디아,3649
2024,04,캐나다,8937
2024,04,케냐,83
2024,04,코모로,4
2024,04,코소보,4
2024,04,코스타리카,76
2024,04,코트디부아르,47
2024,04,콜롬비아,351
2024,04,콩고,11
2024,04,콩고민주공화국,31
2024,04,쿠바,4
2024,04,쿠웨이트,117
2024,04,크로아티아,116
2024,04,키르기즈,945
2024,04,키리바시,3
2024,04,키프로스,49
2024,04,타이,155342
2024,04,타이완,16302
2024,04,타지키스탄,1176
2024,04,탄자니아,55
2024,04,토고,8
2024,04,통가,7
2024,04,투르크메니스탄,208
2024,04,투발루,2
2024,04,튀니지,91
2024,04,튀르키예,1639
2024,04,트리니다드토바고,17
2024,04,티모르민주공화국,307
2024,04,파나마,40
2024,04,파라과이,154
2024,04,파키스탄,2565
2024,04,파푸아뉴기니,16
2024,04,팔라우,7
2024,04,팔레스타인,11
2024,04,페루,596
2024,04,포르투갈,328
2024,04,폴란드,1620
2024,04,프랑스,7992
2024,04,피지,32
2024,04,핀란드,271
2024,04,필리핀,15297
2024,04,한국계중국인,9732
2024,04,헝가리,200
2024,04,홍콩,6252
2024,04,홍콩거주난민,14
2024,05,가나,321
2024,05,가봉,12
2024,05,가이아나,1
2024,05,감비아,7
2024,05,과테말라,56
2024,05,교황청,1
2024,05,국적불명,9
2024,05,국제연합,16
2024,05,국제연합 전문기구,4
2024,05,그레나다,2
2024,05,그리스,49
2024,05,기니,11
2024,05,기니비사우,4
2024,05,나우루,3
2024,05,나이지리아,345
2024,05,남아프리카공화국,235
2024,05,네덜란드,458
2024,05,네팔,2142
2024,05,노르웨이,94
2024,05,뉴질랜드,877
2024,05,니제르,2
2024,05,니카라과,12
2024,05,덴마크,121
2024,05,도미니카공화국,53
2024,05,도미니카연방,6
2024,05,독일,1573
2024,05,라오스,2500
2024,05,라이베리아,52
2024,05,라트비아,29
2024,05,러시아(연방),11917
2024,05,레바논,12
2024,05,레소토,1
2024,05,루마니아,95
2024,05,룩셈부르크,6
2024,05,르완다,17
2024,05,리비아,162
2024,05,리투아니아,47
2024,05,리히텐슈타인,2
2024,05,마다가스카르,10
2024,05,마샬군도,22
2024,05,마카오,63
2024,05,말라위,4
2024,05,말레이시아,3504
2024,05,말리,22
2024,05,멕시코,398
2024,05,모로코,176
2024,05,모리셔스,13
2024,05,모리타니,4
2024,05,모잠비크,7
2024,05,몬테네그로,4
2024,05,몰도바,14
2024,05,몰타,19
2024,05,몽골,18276
2024,05,무국적,31
2024,05,미국,78372
2024,05,미얀마,2268
2024,05,미이크로네시아,14
2024,05,바누아투,5
2024,05,바레인,6
2024,05,바베이도스,1
2024,05,바하마,2
2024,05,방글라데시,3403
2024,05,베냉,9
2024,05,베네수엘라,72
2024,05,베트남,49813
2024,05,벨기에,178
2024,05,벨라루스,45
2024,05,벨리즈,2
2024,05,보스니아-헤르체고비나,3
2024,05,보츠와나,5
2024,05,볼리비아,22
2024,05,부룬디,35
2024,05,부르키나파소,8
2024,05,부탄,6
2024,05,북마케도니아,4
2024,05,불가리아,31
2024,05,브라질,777
2024,05,브루나이,23
2024,05,사모아,8
2024,05,사우디아라비아,155
2024,05,산마리노,1
2024,05,상투메프린시페,2
2024,05,세네갈,20
2024,05,세르비아,15
2024,05,세르비아몬테네그로,1
2024,05,세이셸,1
2024,05,세인트루시아,2
2024,05,세인트크리스토퍼네비스,8
2024,05,소말리아,4
2024,05,솔로몬군도,1
2024,05,수단,37
2024,05,수리남,6
2024,05,스리랑카,2114
2024,05,스발바르,1
2024,05,스웨덴,192
2024,05,스위스,275
2024,05,스페인,304
2024,05,슬로바크,40
2024,05,슬로베니아,24
2024,05,시리아,58
2024,05,시에라리온,11
2024,05,싱가포르,1256
2024,05,아랍에미리트연합,205
2024,05,아르메니아,5
2024,05,아르헨티나,294
2024,05,아이슬란드,6
2024,05,아이티,11
2024,05,아일랜드,120
2024,05,아제르바이잔,20
2024,05,아프가니스탄,62
2024,05,알바니아,22
2024,05,알제리,49
2024,05,앙골라,9
2024,05,앤티카바부다,3
2024,05,에리트레아,2
2024,05,에스와티니,17
2024,05,에스토니아,18
2024,05,에콰도르,84
2024,05,에티오피아,57
2024,05,엘살바도르,17
2024,05,영국,1291
2024,05,영국외지민,13
2024,05,예멘공화국,30
2024,05,오만,7
2024,05,오스트레일리아,3265
2024,05,오스트리아,104
2024,05,온두라스,28
2024,05,요르단,108
2024,05,우간다,61
2024,05,우루과이,21
2024,05,우즈베키스탄,4344
2024,05,우크라이나,155
2024,05,유고슬라비아,1
2024,05,이라크,141
2024,05,이란,715
2024,05,이스라엘,148
2024,05,이집트,334
2024,05,이탈리아,452
2024,05,인도,2134
2024,05,인도네시아,5014
2024,05,일본,4807
2024,05,자메이카,24
2024,05,자이르,7
2024,05,잠비아,25
2024,05,적도기니,1
2024,05,조지아,21
2024,05,중국,72540
2024,05,중앙아프리카공화국,7
2024,05,지부티,3
2024,05,짐바브웨,32
2024,05,체코,70
2024,05,칠레,145
2024,05,카메룬,45
2024,05,카보베르데,1
2024,05,카자흐스탄,11096
2024,05,카타르,46
2024,05,캄보디아,3302
2024,05,캐나다,4791
2024,05,케냐,51
2024,05,코소보,3
2024,05,코스타리카,46
2024,05,코트디부아르,50
2024,05,콜롬비아,206
2024,05,콩고,10
2024,05,콩고민주공화국,29
2024,05,쿠바,3
2024,05,쿠웨이트,21
2024,05,크로아티아,36
2024,05,키르기즈,764
2024,05,키리바시,1
2024,05,키프로스,15
2024,05,타이,148424
2024,05,타이완,1787
2024,05,타지키스탄,946
2024,05,탄자니아,65
2024,05,토고,6
2024,05,통가,4
2024,05,투르크메니스탄,200
2024,05,투발루,1
2024,05,튀니지,59
2024,05,튀르키예,1050
2024,05,트리니다드토바고,8
2024,05,티모르민주공화국,254
2024,05,파나마,19
2024,05,파라과이,131
2024,05,파키스탄,2491
2024,05,파푸아뉴기니,8
2024,05,팔라우,10
2024,05,팔레스타인,8
2024,05,페루,480
2024,05,포르투갈,107
2024,05,폴란드,297
2024,05,프랑스,2049
2024,05,피지,27
2024,05,핀란드,105
2024,05,필리핀,11406
2024,05,한국계중국인,7536
2024,05,헝가리,66
2024,05,홍콩,686
2024,05,홍콩거주난민,13
